date,language,method,GridSize,epsilon,dt,tol,t_iter,solver_iter,dt_out,print,boundary,pathname,elapsed_time(s),mem_allocated(Gb),SLURM_ID,IC_percent_+1
06/27/2025 14:34:13,Python,NMG,64,0.03001873982572423,5.5e-06,1e-05,20,10000.0,20,False,neumann,/project/g_bme-janeslab/SarahG/spinodal_decomp_06_2025//NMG_Python_20_dt_5.50e-06_Nx_64_neumann_dtout_2050p,409.41797041893005,4.2022857666015625,586701_38,50p
06/27/2025 14:34:13,Python,NMG,64,0.03001873982572423,5.5e-06,1e-05,20,10000.0,1,True,neumann,/project/g_bme-janeslab/SarahG/spinodal_decomp_06_2025//NMG_Python_20_dt_5.50e-06_Nx_64_neumann_dtout_150p,412.1569540500641,4.2036027908325195,586701_34,50p
06/27/2025 14:34:13,Python,NMG,64,0.03001873982572423,5.5e-06,1e-05,20,10000.0,20,False,periodic,/project/g_bme-janeslab/SarahG/spinodal_decomp_06_2025//NMG_Python_20_dt_5.50e-06_Nx_64_periodic_dtout_2050p,423.6009192466736,4.20241641998291,586701_37,50p
06/27/2025 14:34:13,Python,NMG,64,0.03001873982572423,5.5e-06,1e-05,20,10000.0,1,True,periodic,/project/g_bme-janeslab/SarahG/spinodal_decomp_06_2025//NMG_Python_20_dt_5.50e-06_Nx_64_periodic_dtout_150p,423.5344035625458,4.2026472091674805,586701_33,50p
06/27/2025 14:34:47,Python,NMG,64,0.03001873982572423,5.5e-06,1e-05,20,10000.0,20,False,neumann,/project/g_bme-janeslab/SarahG/spinodal_decomp_06_2025//NMG_Python_20_dt_5.50e-06_Nx_64_neumann_dtout_2025p,392.136860370636,4.203244209289551,586701_70,25p
06/27/2025 14:34:47,Python,NMG,64,0.03001873982572423,5.5e-06,1e-05,20,10000.0,1,True,neumann,/project/g_bme-janeslab/SarahG/spinodal_decomp_06_2025//NMG_Python_20_dt_5.50e-06_Nx_64_neumann_dtout_125p,392.66831040382385,4.203858375549316,586701_66,25p
06/27/2025 14:34:47,Python,NMG,64,0.03001873982572423,5.5e-06,1e-05,20,10000.0,20,False,periodic,/project/g_bme-janeslab/SarahG/spinodal_decomp_06_2025//NMG_Python_20_dt_5.50e-06_Nx_64_periodic_dtout_2025p,402.1197476387024,4.203055381774902,586701_69,25p
06/27/2025 14:34:48,Python,NMG,64,0.03001873982572423,5.5e-06,1e-05,20,10000.0,1,True,periodic,/project/g_bme-janeslab/SarahG/spinodal_decomp_06_2025//NMG_Python_20_dt_5.50e-06_Nx_64_periodic_dtout_125p,403.85288858413696,4.203989028930664,586701_65,25p
06/27/2025 14:29:10,Python,NMG,64,0.03001873982572423,5.5e-06,1e-05,20,10000.0,20,False,neumann,/project/g_bme-janeslab/SarahG/spinodal_decomp_06_2025//NMG_Python_20_dt_5.50e-06_Nx_64_neumann_dtout_2075p,769.5202357769012,4.202221870422363,586701_6,75p
06/27/2025 14:29:10,Python,NMG,64,0.03001873982572423,5.5e-06,1e-05,20,10000.0,20,False,periodic,/project/g_bme-janeslab/SarahG/spinodal_decomp_06_2025//NMG_Python_20_dt_5.50e-06_Nx_64_periodic_dtout_2075p,811.3527793884277,4.201074600219727,586701_5,75p
06/27/2025 14:29:10,Python,NMG,64,0.03001873982572423,5.5e-06,1e-05,20,10000.0,1,True,neumann,/project/g_bme-janeslab/SarahG/spinodal_decomp_06_2025//NMG_Python_20_dt_5.50e-06_Nx_64_neumann_dtout_175p,821.5747725963593,4.202580451965332,586701_2,75p
06/27/2025 14:29:10,Python,NMG,64,0.03001873982572423,5.5e-06,1e-05,20,10000.0,1,True,periodic,/project/g_bme-janeslab/SarahG/spinodal_decomp_06_2025//NMG_Python_20_dt_5.50e-06_Nx_64_periodic_dtout_175p,840.8026106357574,4.202966690063477,586701_1,75p
06/27/2025 14:34:13,Python,NMG,128,0.015009369912862116,5.5e-06,1e-05,20,10000.0,20,False,neumann,/project/g_bme-janeslab/SarahG/spinodal_decomp_06_2025//NMG_Python_20_dt_5.50e-06_Nx_128_neumann_dtout_2050p,1808.8762202262878,4.765931129455566,586701_46,50p
06/27/2025 14:34:13,Python,NMG,128,0.015009369912862116,5.5e-06,1e-05,20,10000.0,1,True,neumann,/project/g_bme-janeslab/SarahG/spinodal_decomp_06_2025//NMG_Python_20_dt_5.50e-06_Nx_128_neumann_dtout_150p,1809.534282207489,4.7680864334106445,586701_42,50p
06/27/2025 14:36:08,Python,NMG,128,0.015009369912862116,5.5e-06,1e-05,20,10000.0,20,False,neumann,/project/g_bme-janeslab/SarahG/spinodal_decomp_06_2025//NMG_Python_20_dt_5.50e-06_Nx_128_neumann_dtout_2025p,1705.8810291290283,4.765356063842773,586701_78,25p
06/27/2025 14:34:13,Python,NMG,128,0.015009369912862116,5.5e-06,1e-05,20,10000.0,20,False,periodic,/project/g_bme-janeslab/SarahG/spinodal_decomp_06_2025//NMG_Python_20_dt_5.50e-06_Nx_128_periodic_dtout_2050p,1824.3155357837677,4.758330345153809,586701_45,50p
06/27/2025 14:34:47,Python,NMG,128,0.015009369912862116,5.5e-06,1e-05,20,10000.0,1,True,periodic,/project/g_bme-janeslab/SarahG/spinodal_decomp_06_2025//NMG_Python_20_dt_5.50e-06_Nx_128_periodic_dtout_125p,1850.0448553562164,4.763360977172852,586701_73,25p
06/27/2025 14:34:48,Python,NMG,128,0.015009369912862116,5.5e-06,1e-05,20,10000.0,1,True,neumann,/project/g_bme-janeslab/SarahG/spinodal_decomp_06_2025//NMG_Python_20_dt_5.50e-06_Nx_128_neumann_dtout_125p,1927.4466514587402,4.763230323791504,586701_74,25p
06/27/2025 14:36:08,Python,NMG,128,0.015009369912862116,5.5e-06,1e-05,20,10000.0,20,False,periodic,/project/g_bme-janeslab/SarahG/spinodal_decomp_06_2025//NMG_Python_20_dt_5.50e-06_Nx_128_periodic_dtout_2025p,1856.3174645900726,4.765806198120117,586701_77,25p
06/27/2025 14:34:13,Python,NMG,128,0.015009369912862116,5.5e-06,1e-05,20,10000.0,1,True,periodic,/project/g_bme-janeslab/SarahG/spinodal_decomp_06_2025//NMG_Python_20_dt_5.50e-06_Nx_128_periodic_dtout_150p,1995.061781167984,4.764191627502441,586701_41,50p
06/27/2025 14:31:19,Python,NMG,128,0.015009369912862116,5.5e-06,1e-05,20,10000.0,1,True,neumann,/project/g_bme-janeslab/SarahG/spinodal_decomp_06_2025//NMG_Python_20_dt_5.50e-06_Nx_128_neumann_dtout_175p,3646.138814687729,4.762207984924316,586701_10,75p
06/27/2025 14:32:57,Python,NMG,128,0.015009369912862116,5.5e-06,1e-05,20,10000.0,20,False,periodic,/project/g_bme-janeslab/SarahG/spinodal_decomp_06_2025//NMG_Python_20_dt_5.50e-06_Nx_128_periodic_dtout_2075p,3748.7496700286865,4.764017105102539,586701_13,75p
06/27/2025 14:30:44,Python,NMG,128,0.015009369912862116,5.5e-06,1e-05,20,10000.0,1,True,periodic,/project/g_bme-janeslab/SarahG/spinodal_decomp_06_2025//NMG_Python_20_dt_5.50e-06_Nx_128_periodic_dtout_175p,3948.2462079524994,4.763424873352051,586701_9,75p
06/27/2025 14:32:56,Python,NMG,128,0.015009369912862116,5.5e-06,1e-05,20,10000.0,20,False,neumann,/project/g_bme-janeslab/SarahG/spinodal_decomp_06_2025//NMG_Python_20_dt_5.50e-06_Nx_128_neumann_dtout_2075p,3847.0448484420776,4.763822555541992,586701_14,75p
06/27/2025 14:36:08,Python,NMG,256,0.007504684956431058,5.5e-06,1e-05,20,10000.0,1,True,periodic,/project/g_bme-janeslab/SarahG/spinodal_decomp_06_2025//NMG_Python_20_dt_5.50e-06_Nx_256_periodic_dtout_125p,6657.609750509262,7.014958381652832,586701_81,25p
06/27/2025 14:34:13,Python,NMG,256,0.007504684956431058,5.5e-06,1e-05,20,10000.0,1,True,neumann,/project/g_bme-janeslab/SarahG/spinodal_decomp_06_2025//NMG_Python_20_dt_5.50e-06_Nx_256_neumann_dtout_175p,6877.205914735794,7.01438045501709,586701_18,75p
06/27/2025 14:37:18,Python,NMG,256,0.007504684956431058,5.5e-06,1e-05,20,10000.0,20,False,neumann,/project/g_bme-janeslab/SarahG/spinodal_decomp_06_2025//NMG_Python_20_dt_5.50e-06_Nx_256_neumann_dtout_2025p,6862.291469812393,7.015292167663574,586701_86,25p
06/27/2025 14:34:13,Python,NMG,256,0.007504684956431058,5.5e-06,1e-05,20,10000.0,20,False,periodic,/project/g_bme-janeslab/SarahG/spinodal_decomp_06_2025//NMG_Python_20_dt_5.50e-06_Nx_256_periodic_dtout_2075p,7083.622186183929,7.01146125793457,586701_21,75p
06/27/2025 14:34:13,Python,NMG,256,0.007504684956431058,5.5e-06,1e-05,20,10000.0,1,True,neumann,/project/g_bme-janeslab/SarahG/spinodal_decomp_06_2025//NMG_Python_20_dt_5.50e-06_Nx_256_neumann_dtout_150p,7104.525047302246,7.01763916015625,586701_50,50p
06/27/2025 14:34:13,Python,NMG,256,0.007504684956431058,5.5e-06,1e-05,20,10000.0,20,False,periodic,/project/g_bme-janeslab/SarahG/spinodal_decomp_06_2025//NMG_Python_20_dt_5.50e-06_Nx_256_periodic_dtout_2050p,7129.691890239716,7.01069450378418,586701_53,50p
06/27/2025 14:37:18,Python,NMG,256,0.007504684956431058,5.5e-06,1e-05,20,10000.0,20,False,periodic,/project/g_bme-janeslab/SarahG/spinodal_decomp_06_2025//NMG_Python_20_dt_5.50e-06_Nx_256_periodic_dtout_2025p,6969.358006477356,7.0147199630737305,586701_85,25p
06/27/2025 14:36:08,Python,NMG,256,0.007504684956431058,5.5e-06,1e-05,20,10000.0,1,True,neumann,/project/g_bme-janeslab/SarahG/spinodal_decomp_06_2025//NMG_Python_20_dt_5.50e-06_Nx_256_neumann_dtout_125p,7045.249521255493,7.016169548034668,586701_82,25p
06/27/2025 14:34:13,Python,NMG,256,0.007504684956431058,5.5e-06,1e-05,20,10000.0,1,True,periodic,/project/g_bme-janeslab/SarahG/spinodal_decomp_06_2025//NMG_Python_20_dt_5.50e-06_Nx_256_periodic_dtout_175p,7277.716952562332,7.012977600097656,586701_17,75p
06/27/2025 14:34:13,Python,NMG,256,0.007504684956431058,5.5e-06,1e-05,20,10000.0,20,False,neumann,/project/g_bme-janeslab/SarahG/spinodal_decomp_06_2025//NMG_Python_20_dt_5.50e-06_Nx_256_neumann_dtout_2075p,7281.402597665787,7.011330604553223,586701_22,75p
06/27/2025 14:34:13,Python,NMG,256,0.007504684956431058,5.5e-06,1e-05,20,10000.0,1,True,periodic,/project/g_bme-janeslab/SarahG/spinodal_decomp_06_2025//NMG_Python_20_dt_5.50e-06_Nx_256_periodic_dtout_150p,7761.75008392334,7.014702796936035,586701_49,50p
06/27/2025 14:34:24,Python,NMG,256,0.007504684956431058,5.5e-06,1e-05,20,10000.0,20,False,neumann,/project/g_bme-janeslab/SarahG/spinodal_decomp_06_2025//NMG_Python_20_dt_5.50e-06_Nx_256_neumann_dtout_2050p,7784.104886054993,7.010947227478027,586701_54,50p
06/27/2025 14:34:13,Python,NMG,512,0.003752342478215529,5.5e-06,1e-05,20,10000.0,1,True,neumann,/project/g_bme-janeslab/SarahG/spinodal_decomp_06_2025//NMG_Python_20_dt_5.50e-06_Nx_512_neumann_dtout_175p,25371.818372011185,26.01601505279541,586701_26,75p
06/27/2025 14:34:13,Python,NMG,512,0.003752342478215529,5.5e-06,1e-05,20,10000.0,20,False,neumann,/project/g_bme-janeslab/SarahG/spinodal_decomp_06_2025//NMG_Python_20_dt_5.50e-06_Nx_512_neumann_dtout_2075p,25535.725868940353,26.013291358947754,586701_30,75p
06/27/2025 14:34:13,Python,NMG,512,0.003752342478215529,5.5e-06,1e-05,20,10000.0,20,False,periodic,/project/g_bme-janeslab/SarahG/spinodal_decomp_06_2025//NMG_Python_20_dt_5.50e-06_Nx_512_periodic_dtout_2075p,25600.69292664528,26.0121431350708,586701_29,75p
06/27/2025 14:38:07,Python,NMG,512,0.003752342478215529,5.5e-06,1e-05,20,10000.0,20,False,periodic,/project/g_bme-janeslab/SarahG/spinodal_decomp_06_2025//NMG_Python_20_dt_5.50e-06_Nx_512_periodic_dtout_2025p,25424.30780529976,26.016040802001953,586701_93,25p
06/27/2025 14:37:18,Python,NMG,512,0.003752342478215529,5.5e-06,1e-05,20,10000.0,1,True,periodic,/project/g_bme-janeslab/SarahG/spinodal_decomp_06_2025//NMG_Python_20_dt_5.50e-06_Nx_512_periodic_dtout_125p,25500.373226881027,26.013652801513672,586701_89,25p
06/27/2025 14:34:13,Python,NMG,512,0.003752342478215529,5.5e-06,1e-05,20,10000.0,1,True,periodic,/project/g_bme-janeslab/SarahG/spinodal_decomp_06_2025//NMG_Python_20_dt_5.50e-06_Nx_512_periodic_dtout_175p,25689.610068559647,26.01390838623047,586701_25,75p
06/27/2025 14:38:07,Python,NMG,512,0.003752342478215529,5.5e-06,1e-05,20,10000.0,20,False,neumann,/project/g_bme-janeslab/SarahG/spinodal_decomp_06_2025//NMG_Python_20_dt_5.50e-06_Nx_512_neumann_dtout_2025p,26542.127781629562,26.01514434814453,586701_94,25p
06/27/2025 14:37:18,Python,NMG,512,0.003752342478215529,5.5e-06,1e-05,20,10000.0,1,True,neumann,/project/g_bme-janeslab/SarahG/spinodal_decomp_06_2025//NMG_Python_20_dt_5.50e-06_Nx_512_neumann_dtout_125p,26927.071257829666,26.015439987182617,586701_90,25p
06/27/2025 14:34:47,Python,NMG,512,0.003752342478215529,5.5e-06,1e-05,20,10000.0,1,True,periodic,/project/g_bme-janeslab/SarahG/spinodal_decomp_06_2025//NMG_Python_20_dt_5.50e-06_Nx_512_periodic_dtout_150p,27218.567697048187,26.017358779907227,586701_57,50p
06/27/2025 14:34:47,Python,NMG,512,0.003752342478215529,5.5e-06,1e-05,20,10000.0,20,False,neumann,/project/g_bme-janeslab/SarahG/spinodal_decomp_06_2025//NMG_Python_20_dt_5.50e-06_Nx_512_neumann_dtout_2050p,28520.6094353199,26.013347625732422,586701_62,50p
06/27/2025 14:34:47,Python,NMG,512,0.003752342478215529,5.5e-06,1e-05,20,10000.0,20,False,periodic,/project/g_bme-janeslab/SarahG/spinodal_decomp_06_2025//NMG_Python_20_dt_5.50e-06_Nx_512_periodic_dtout_2050p,29130.486176490784,26.01379680633545,586701_61,50p
06/27/2025 14:34:48,Python,NMG,512,0.003752342478215529,5.5e-06,1e-05,20,10000.0,1,True,neumann,/project/g_bme-janeslab/SarahG/spinodal_decomp_06_2025//NMG_Python_20_dt_5.50e-06_Nx_512_neumann_dtout_150p,29179.915464401245,26.018123626708984,586701_58,50p
07/01/2025 13:22:50,Python,SAV,64,0.03001873982572423,5.5e-06,,2000,,10,True,periodic,/project/g_bme-janeslab/SarahG/spinodal_decomp_06_2025//SAV_Python_2000_dt_5.50e-06_Nx_64_periodic_dtout_1075p,71.14131116867065,4.566086769104004,678027_3,75p
07/01/2025 13:25:26,Python,SAV,64,0.03001873982572423,5.5e-06,,2000,,10,True,neumann,/project/g_bme-janeslab/SarahG/spinodal_decomp_06_2025//SAV_Python_2000_dt_5.50e-06_Nx_64_neumann_dtout_1075p,84.98510408401489,5.975567817687988,678027_4,75p
07/01/2025 13:31:51,Python,SAV,64,0.03001873982572423,5.5e-06,,2000,,2000,False,periodic,/project/g_bme-janeslab/SarahG/spinodal_decomp_06_2025//SAV_Python_2000_dt_5.50e-06_Nx_64_periodic_dtout_200075p,4.5292394161224365,4.418161392211914,678027_7,75p
07/01/2025 13:32:55,Python,SAV,64,0.03001873982572423,5.5e-06,,2000,,2000,False,neumann,/project/g_bme-janeslab/SarahG/spinodal_decomp_06_2025//SAV_Python_2000_dt_5.50e-06_Nx_64_neumann_dtout_200075p,13.259649276733398,5.453586578369141,678027_8,75p
07/01/2025 13:34:23,Python,SAV,128,0.015009369912862116,5.5e-06,,2000,,10,True,periodic,/project/g_bme-janeslab/SarahG/spinodal_decomp_06_2025//SAV_Python_2000_dt_5.50e-06_Nx_128_periodic_dtout_1075p,124.24441003799438,5.975793838500977,678027_11,75p
07/01/2025 13:35:08,Python,SAV,128,0.015009369912862116,5.5e-06,,2000,,10,True,neumann,/project/g_bme-janeslab/SarahG/spinodal_decomp_06_2025//SAV_Python_2000_dt_5.50e-06_Nx_128_neumann_dtout_1075p,171.10391688346863,21.57478618621826,678027_12,75p
07/01/2025 13:38:28,Python,SAV,128,0.015009369912862116,5.5e-06,,2000,,2000,False,periodic,/project/g_bme-janeslab/SarahG/spinodal_decomp_06_2025//SAV_Python_2000_dt_5.50e-06_Nx_128_periodic_dtout_200075p,13.97544550895691,5.453398704528809,678027_15,75p
07/01/2025 13:40:20,Python,SAV,128,0.015009369912862116,5.5e-06,,2000,,2000,False,neumann,/project/g_bme-janeslab/SarahG/spinodal_decomp_06_2025//SAV_Python_2000_dt_5.50e-06_Nx_128_neumann_dtout_200075p,60.13895273208618,21.56021785736084,678027_16,75p
07/01/2025 13:51:44,Python,SAV,256,0.007504684956431058,5.5e-06,,2000,,2000,False,periodic,/project/g_bme-janeslab/SarahG/spinodal_decomp_06_2025//SAV_Python_2000_dt_5.50e-06_Nx_256_periodic_dtout_200075p,62.409751176834106,21.563237190246582,678027_23,75p
07/01/2025 13:45:55,Python,SAV,256,0.007504684956431058,5.5e-06,,2000,,10,True,periodic,/project/g_bme-janeslab/SarahG/spinodal_decomp_06_2025//SAV_Python_2000_dt_5.50e-06_Nx_256_periodic_dtout_1075p,502.3363723754883,21.58022403717041,678027_19,75p
07/01/2025 13:53:13,Python,SAV,256,0.007504684956431058,5.5e-06,,2000,,2000,False,neumann,/project/g_bme-janeslab/SarahG/spinodal_decomp_06_2025//SAV_Python_2000_dt_5.50e-06_Nx_256_neumann_dtout_200075p,310.0967309474945,86.08004856109619,678027_24,75p
07/01/2025 13:46:32,Python,SAV,256,0.007504684956431058,5.5e-06,,2000,,10,True,neumann,/project/g_bme-janeslab/SarahG/spinodal_decomp_06_2025//SAV_Python_2000_dt_5.50e-06_Nx_256_neumann_dtout_1075p,753.6544878482819,86.09844970703125,678027_20,75p
07/01/2025 14:01:49,Python,SAV,64,0.03001873982572423,5.5e-06,,2000,,10,True,periodic,/project/g_bme-janeslab/SarahG/spinodal_decomp_06_2025//SAV_Python_2000_dt_5.50e-06_Nx_64_periodic_dtout_1050p,32.955910444259644,4.569929122924805,678027_35,50p
07/01/2025 14:03:08,Python,SAV,64,0.03001873982572423,5.5e-06,,2000,,10,True,neumann,/project/g_bme-janeslab/SarahG/spinodal_decomp_06_2025//SAV_Python_2000_dt_5.50e-06_Nx_64_neumann_dtout_1050p,41.27250003814697,5.977445602416992,678027_36,50p
07/01/2025 13:59:31,Python,SAV,512,0.003752342478215529,5.5e-06,,2000,,2000,False,periodic,/project/g_bme-janeslab/SarahG/spinodal_decomp_06_2025//SAV_Python_2000_dt_5.50e-06_Nx_512_periodic_dtout_200075p,323.18658351898193,86.07581043243408,678027_31,75p
07/01/2025 14:05:30,Python,SAV,64,0.03001873982572423,5.5e-06,,2000,,2000,False,periodic,/project/g_bme-janeslab/SarahG/spinodal_decomp_06_2025//SAV_Python_2000_dt_5.50e-06_Nx_64_periodic_dtout_200050p,4.3853230476379395,4.417790412902832,678027_39,50p
07/01/2025 14:06:40,Python,SAV,64,0.03001873982572423,5.5e-06,,2000,,2000,False,neumann,/project/g_bme-janeslab/SarahG/spinodal_decomp_06_2025//SAV_Python_2000_dt_5.50e-06_Nx_64_neumann_dtout_200050p,13.210806131362915,5.453165054321289,678027_40,50p
07/01/2025 14:07:31,Python,SAV,128,0.015009369912862116,5.5e-06,,2000,,10,True,periodic,/project/g_bme-janeslab/SarahG/spinodal_decomp_06_2025//SAV_Python_2000_dt_5.50e-06_Nx_128_periodic_dtout_1050p,123.93097066879272,5.975427627563477,678027_43,50p
07/01/2025 14:07:31,Python,SAV,128,0.015009369912862116,5.5e-06,,2000,,10,True,neumann,/project/g_bme-janeslab/SarahG/spinodal_decomp_06_2025//SAV_Python_2000_dt_5.50e-06_Nx_128_neumann_dtout_1050p,172.6498725414276,21.576881408691406,678027_44,50p
07/01/2025 14:11:17,Python,SAV,128,0.015009369912862116,5.5e-06,,2000,,2000,False,periodic,/project/g_bme-janeslab/SarahG/spinodal_decomp_06_2025//SAV_Python_2000_dt_5.50e-06_Nx_128_periodic_dtout_200050p,13.806239128112793,5.452859878540039,678027_47,50p
07/01/2025 14:11:18,Python,SAV,128,0.015009369912862116,5.5e-06,,2000,,2000,False,neumann,/project/g_bme-janeslab/SarahG/spinodal_decomp_06_2025//SAV_Python_2000_dt_5.50e-06_Nx_128_neumann_dtout_200050p,60.27601337432861,21.56223964691162,678027_48,50p
07/01/2025 14:13:22,Python,SAV,256,0.007504684956431058,5.5e-06,,2000,,2000,False,periodic,/project/g_bme-janeslab/SarahG/spinodal_decomp_06_2025//SAV_Python_2000_dt_5.50e-06_Nx_256_periodic_dtout_200050p,62.66833972930908,21.562832832336426,678027_55,50p
07/01/2025 14:13:22,Python,SAV,256,0.007504684956431058,5.5e-06,,2000,,2000,False,neumann,/project/g_bme-janeslab/SarahG/spinodal_decomp_06_2025//SAV_Python_2000_dt_5.50e-06_Nx_256_neumann_dtout_200050p,311.27271008491516,86.08282852172852,678027_56,50p
07/01/2025 14:11:59,Python,SAV,256,0.007504684956431058,5.5e-06,,2000,,10,True,periodic,/project/g_bme-janeslab/SarahG/spinodal_decomp_06_2025//SAV_Python_2000_dt_5.50e-06_Nx_256_periodic_dtout_1050p,503.62499737739563,21.583040237426758,678027_51,50p
07/01/2025 13:59:31,Python,SAV,512,0.003752342478215529,5.5e-06,,2000,,2000,False,neumann,/project/g_bme-janeslab/SarahG/spinodal_decomp_06_2025//SAV_Python_2000_dt_5.50e-06_Nx_512_neumann_dtout_200075p,1434.7079393863678,344.108943939209,678027_32,75p
07/01/2025 14:12:00,Python,SAV,256,0.007504684956431058,5.5e-06,,2000,,10,True,neumann,/project/g_bme-janeslab/SarahG/spinodal_decomp_06_2025//SAV_Python_2000_dt_5.50e-06_Nx_256_neumann_dtout_1050p,754.5562942028046,86.0959358215332,678027_52,50p
07/01/2025 14:30:14,Python,SAV,64,0.03001873982572423,5.5e-06,,2000,,10,True,periodic,/project/g_bme-janeslab/SarahG/spinodal_decomp_06_2025//SAV_Python_2000_dt_5.50e-06_Nx_64_periodic_dtout_1025p,32.679752349853516,4.56710147857666,678027_67,25p
07/01/2025 13:56:05,Python,SAV,512,0.003752342478215529,5.5e-06,,2000,,10,True,periodic,/project/g_bme-janeslab/SarahG/spinodal_decomp_06_2025//SAV_Python_2000_dt_5.50e-06_Nx_512_periodic_dtout_1075p,2166.909458875656,86.08763694763184,678027_27,75p
07/01/2025 14:32:32,Python,SAV,64,0.03001873982572423,5.5e-06,,2000,,2000,False,periodic,/project/g_bme-janeslab/SarahG/spinodal_decomp_06_2025//SAV_Python_2000_dt_5.50e-06_Nx_64_periodic_dtout_200025p,4.36881160736084,4.417651176452637,678027_71,25p
07/01/2025 14:31:56,Python,SAV,64,0.03001873982572423,5.5e-06,,2000,,10,True,neumann,/project/g_bme-janeslab/SarahG/spinodal_decomp_06_2025//SAV_Python_2000_dt_5.50e-06_Nx_64_neumann_dtout_1025p,41.87217974662781,5.982759475708008,678027_68,25p
07/01/2025 14:32:32,Python,SAV,64,0.03001873982572423,5.5e-06,,2000,,2000,False,neumann,/project/g_bme-janeslab/SarahG/spinodal_decomp_06_2025//SAV_Python_2000_dt_5.50e-06_Nx_64_neumann_dtout_200025p,13.19140911102295,5.453024864196777,678027_72,25p
07/01/2025 14:33:11,Python,SAV,128,0.015009369912862116,5.5e-06,,2000,,2000,False,periodic,/project/g_bme-janeslab/SarahG/spinodal_decomp_06_2025//SAV_Python_2000_dt_5.50e-06_Nx_128_periodic_dtout_200025p,13.76268982887268,5.452816009521484,678027_79,25p
07/01/2025 14:28:58,Python,SAV,512,0.003752342478215529,5.5e-06,,2000,,2000,False,periodic,/project/g_bme-janeslab/SarahG/spinodal_decomp_06_2025//SAV_Python_2000_dt_5.50e-06_Nx_512_periodic_dtout_200050p,316.0043740272522,86.07555770874023,678027_63,50p
07/01/2025 14:34:04,Python,SAV,128,0.015009369912862116,5.5e-06,,2000,,2000,False,neumann,/project/g_bme-janeslab/SarahG/spinodal_decomp_06_2025//SAV_Python_2000_dt_5.50e-06_Nx_128_neumann_dtout_200025p,59.865691900253296,21.56132984161377,678027_80,25p
07/01/2025 14:33:11,Python,SAV,128,0.015009369912862116,5.5e-06,,2000,,10,True,periodic,/project/g_bme-janeslab/SarahG/spinodal_decomp_06_2025//SAV_Python_2000_dt_5.50e-06_Nx_128_periodic_dtout_1025p,125.43728613853455,5.972451210021973,678027_75,25p
07/01/2025 14:33:11,Python,SAV,128,0.015009369912862116,5.5e-06,,2000,,10,True,neumann,/project/g_bme-janeslab/SarahG/spinodal_decomp_06_2025//SAV_Python_2000_dt_5.50e-06_Nx_128_neumann_dtout_1025p,170.84644055366516,21.5793514251709,678027_76,25p
07/01/2025 14:35:55,Python,SAV,256,0.007504684956431058,5.5e-06,,2000,,2000,False,periodic,/project/g_bme-janeslab/SarahG/spinodal_decomp_06_2025//SAV_Python_2000_dt_5.50e-06_Nx_256_periodic_dtout_200025p,62.23850464820862,21.56439971923828,678027_87,25p
07/01/2025 14:35:55,Python,SAV,256,0.007504684956431058,5.5e-06,,2000,,2000,False,neumann,/project/g_bme-janeslab/SarahG/spinodal_decomp_06_2025//SAV_Python_2000_dt_5.50e-06_Nx_256_neumann_dtout_200025p,304.6573839187622,86.0795431137085,678027_88,25p
07/01/2025 14:34:04,Python,SAV,256,0.007504684956431058,5.5e-06,,2000,,10,True,periodic,/project/g_bme-janeslab/SarahG/spinodal_decomp_06_2025//SAV_Python_2000_dt_5.50e-06_Nx_256_periodic_dtout_1025p,512.3423497676849,21.58237934112549,678027_83,25p
07/01/2025 14:34:03,Python,SAV,256,0.007504684956431058,5.5e-06,,2000,,10,True,neumann,/project/g_bme-janeslab/SarahG/spinodal_decomp_06_2025//SAV_Python_2000_dt_5.50e-06_Nx_256_neumann_dtout_1025p,756.8285233974457,86.09747314453125,678027_84,25p
07/01/2025 14:43:28,Python,SAV,512,0.003752342478215529,5.5e-06,,2000,,2000,False,periodic,/project/g_bme-janeslab/SarahG/spinodal_decomp_06_2025//SAV_Python_2000_dt_5.50e-06_Nx_512_periodic_dtout_200025p,318.8002359867096,86.07550716400146,678027_95,25p
07/01/2025 13:56:05,Python,SAV,512,0.003752342478215529,5.5e-06,,2000,,10,True,neumann,/project/g_bme-janeslab/SarahG/spinodal_decomp_06_2025//SAV_Python_2000_dt_5.50e-06_Nx_512_neumann_dtout_1075p,3390.436959028244,344.1297082901001,678027_28,75p
07/01/2025 14:28:58,Python,SAV,512,0.003752342478215529,5.5e-06,,2000,,2000,False,neumann,/project/g_bme-janeslab/SarahG/spinodal_decomp_06_2025//SAV_Python_2000_dt_5.50e-06_Nx_512_neumann_dtout_200050p,1478.1874930858612,344.1134424209595,678027_64,50p
07/01/2025 14:19:11,Python,SAV,512,0.003752342478215529,5.5e-06,,2000,,10,True,periodic,/project/g_bme-janeslab/SarahG/spinodal_decomp_06_2025//SAV_Python_2000_dt_5.50e-06_Nx_512_periodic_dtout_1050p,2183.098124265671,86.09671783447266,678027_59,50p
07/01/2025 14:43:28,Python,SAV,512,0.003752342478215529,5.5e-06,,2000,,2000,False,neumann,/project/g_bme-janeslab/SarahG/spinodal_decomp_06_2025//SAV_Python_2000_dt_5.50e-06_Nx_512_neumann_dtout_200025p,1486.997710943222,344.1082363128662,678027_96,25p
07/01/2025 14:19:53,Python,SAV,512,0.003752342478215529,5.5e-06,,2000,,10,True,neumann,/project/g_bme-janeslab/SarahG/spinodal_decomp_06_2025//SAV_Python_2000_dt_5.50e-06_Nx_512_neumann_dtout_1050p,3518.3079006671906,344.1265048980713,678027_60,50p
07/01/2025 14:39:46,Python,SAV,512,0.003752342478215529,5.5e-06,,2000,,10,True,neumann,/project/g_bme-janeslab/SarahG/spinodal_decomp_06_2025//SAV_Python_2000_dt_5.50e-06_Nx_512_neumann_dtout_1025p,3522.6173815727234,344.13014221191406,678027_92,25p
07/01/2025 14:38:36,Python,SAV,512,0.003752342478215529,5.5e-06,,2000,,10,True,periodic,/project/g_bme-janeslab/SarahG/spinodal_decomp_06_2025//SAV_Python_2000_dt_5.50e-06_Nx_512_periodic_dtout_1025p,4767.189473867416,86.09759616851807,678027_91,25p
23-Jun-2025 12:25:48,MATLAB,SAV,64,0.030019,5.5e-06,NaN,2000,NaN,2000,false,periodic,/project/g_bme-janeslab/SarahG/spinodal_decomp_06_2025/out_MATLAB/SAV_MATLAB_2000_dt_5.50e-06_Nx_64_periodic_n_relax_475p_,3.8427,NaN,396049_7,75p
23-Jun-2025 12:25:48,MATLAB,SAV,64,0.030019,5.5e-06,NaN,2000,NaN,2000,false,neumann,/project/g_bme-janeslab/SarahG/spinodal_decomp_06_2025/out_MATLAB/SAV_MATLAB_2000_dt_5.50e-06_Nx_64_neumann_n_relax_475p_,8.1194,NaN,396049_8,75p
23-Jun-2025 12:25:54,MATLAB,SAV,128,0.015009,5.5e-06,NaN,2000,NaN,2000,false,periodic,/project/g_bme-janeslab/SarahG/spinodal_decomp_06_2025/out_MATLAB/SAV_MATLAB_2000_dt_5.50e-06_Nx_128_periodic_n_relax_475p_,10.7315,NaN,396049_15,75p
23-Jun-2025 12:26:01,MATLAB,SAV,256,0.0075047,5.5e-06,NaN,2000,NaN,2000,false,periodic,/project/g_bme-janeslab/SarahG/spinodal_decomp_06_2025/out_MATLAB/SAV_MATLAB_2000_dt_5.50e-06_Nx_256_periodic_n_relax_475p_,19.1166,NaN,396049_23,75p
23-Jun-2025 12:26:03,MATLAB,SAV,128,0.015009,5.5e-06,NaN,2000,NaN,2000,false,neumann,/project/g_bme-janeslab/SarahG/spinodal_decomp_06_2025/out_MATLAB/SAV_MATLAB_2000_dt_5.50e-06_Nx_128_neumann_n_relax_475p_,17.6266,NaN,396049_16,75p
23-Jun-2025 12:26:27,MATLAB,NMG,64,0.030019,5.5e-06,1e-5,2000,1e4,2000,false,periodic,/project/g_bme-janeslab/SarahG/spinodal_decomp_06_2025/out_MATLAB/NMG_MATLAB_2000_dt_5.50e-06_Nx_64_periodic_n_relax_475p_,47.4195,NaN,396049_5,75p
23-Jun-2025 12:26:28,MATLAB,NMG,64,0.030019,5.5e-06,1e-5,2000,1e4,2000,false,neumann,/project/g_bme-janeslab/SarahG/spinodal_decomp_06_2025/out_MATLAB/NMG_MATLAB_2000_dt_5.50e-06_Nx_64_neumann_n_relax_475p_,49.0651,NaN,396049_6,75p
23-Jun-2025 12:26:37,MATLAB,SAV,64,0.030019,5.5e-06,NaN,2000,NaN,10,true,periodic,/project/g_bme-janeslab/SarahG/spinodal_decomp_06_2025/out_MATLAB/SAV_MATLAB_2000_dt_5.50e-06_Nx_64_periodic_n_relax_475p_,4.7168,NaN,396049_3,75p
23-Jun-2025 12:26:38,MATLAB,SAV,256,0.0075047,5.5e-06,NaN,2000,NaN,2000,false,neumann,/project/g_bme-janeslab/SarahG/spinodal_decomp_06_2025/out_MATLAB/SAV_MATLAB_2000_dt_5.50e-06_Nx_256_neumann_n_relax_475p_,50.7101,NaN,396049_24,75p
23-Jun-2025 12:26:40,MATLAB,SAV,64,0.030019,5.5e-06,NaN,2000,NaN,10,true,neumann,/project/g_bme-janeslab/SarahG/spinodal_decomp_06_2025/out_MATLAB/SAV_MATLAB_2000_dt_5.50e-06_Nx_64_neumann_n_relax_475p_,9.202,NaN,396049_4,75p
23-Jun-2025 12:27:09,MATLAB,SAV,128,0.015009,5.5e-06,NaN,2000,NaN,10,true,periodic,/project/g_bme-janeslab/SarahG/spinodal_decomp_06_2025/out_MATLAB/SAV_MATLAB_2000_dt_5.50e-06_Nx_128_periodic_n_relax_475p_,10.6214,NaN,396049_11,75p
23-Jun-2025 12:27:16,MATLAB,SAV,128,0.015009,5.5e-06,NaN,2000,NaN,10,true,neumann,/project/g_bme-janeslab/SarahG/spinodal_decomp_06_2025/out_MATLAB/SAV_MATLAB_2000_dt_5.50e-06_Nx_128_neumann_n_relax_475p_,20.831,NaN,396049_12,75p
23-Jun-2025 12:27:18,MATLAB,NMG,64,0.030019,5.5e-06,1e-5,2000,1e4,10,true,periodic,/project/g_bme-janeslab/SarahG/spinodal_decomp_06_2025/out_MATLAB/NMG_MATLAB_2000_dt_5.50e-06_Nx_64_periodic_n_relax_475p_,48.2006,NaN,396049_1,75p
23-Jun-2025 12:27:19,MATLAB,NMG,64,0.030019,5.5e-06,1e-5,2000,1e4,10,true,neumann,/project/g_bme-janeslab/SarahG/spinodal_decomp_06_2025/out_MATLAB/NMG_MATLAB_2000_dt_5.50e-06_Nx_64_neumann_n_relax_475p_,49.1392,NaN,396049_2,75p
23-Jun-2025 12:28:05,MATLAB,SAV,512,0.0037523,5.5e-06,NaN,2000,NaN,10,true,periodic,/project/g_bme-janeslab/SarahG/spinodal_decomp_06_2025/out_MATLAB/SAV_MATLAB_2000_dt_5.50e-06_Nx_512_periodic_n_relax_475p_,72.7937,NaN,396049_27,75p
23-Jun-2025 12:28:27,MATLAB,SAV,64,0.030019,5.5e-06,NaN,2000,NaN,2000,false,periodic,/project/g_bme-janeslab/SarahG/spinodal_decomp_06_2025/out_MATLAB/SAV_MATLAB_2000_dt_5.50e-06_Nx_64_periodic_n_relax_450p_,2.4953,NaN,396049_39,50p
23-Jun-2025 12:28:31,MATLAB,SAV,64,0.030019,5.5e-06,NaN,2000,NaN,2000,false,neumann,/project/g_bme-janeslab/SarahG/spinodal_decomp_06_2025/out_MATLAB/SAV_MATLAB_2000_dt_5.50e-06_Nx_64_neumann_n_relax_450p_,7.5411,NaN,396049_40,50p
23-Jun-2025 12:28:32,MATLAB,SAV,64,0.030019,5.5e-06,NaN,2000,NaN,10,true,periodic,/project/g_bme-janeslab/SarahG/spinodal_decomp_06_2025/out_MATLAB/SAV_MATLAB_2000_dt_5.50e-06_Nx_64_periodic_n_relax_450p_,6.5342,NaN,396049_35,50p
23-Jun-2025 12:28:34,MATLAB,SAV,128,0.015009,5.5e-06,NaN,2000,NaN,2000,false,periodic,/project/g_bme-janeslab/SarahG/spinodal_decomp_06_2025/out_MATLAB/SAV_MATLAB_2000_dt_5.50e-06_Nx_128_periodic_n_relax_450p_,11.0791,NaN,396049_47,50p
23-Jun-2025 12:28:41,MATLAB,SAV,64,0.030019,5.5e-06,NaN,2000,NaN,10,true,neumann,/project/g_bme-janeslab/SarahG/spinodal_decomp_06_2025/out_MATLAB/SAV_MATLAB_2000_dt_5.50e-06_Nx_64_neumann_n_relax_450p_,8.5516,NaN,396049_36,50p
23-Jun-2025 12:28:43,MATLAB,SAV,128,0.015009,5.5e-06,NaN,2000,NaN,2000,false,neumann,/project/g_bme-janeslab/SarahG/spinodal_decomp_06_2025/out_MATLAB/SAV_MATLAB_2000_dt_5.50e-06_Nx_128_neumann_n_relax_450p_,18.0741,NaN,396049_48,50p
23-Jun-2025 12:28:44,MATLAB,SAV,256,0.0075047,5.5e-06,NaN,2000,NaN,2000,false,periodic,/project/g_bme-janeslab/SarahG/spinodal_decomp_06_2025/out_MATLAB/SAV_MATLAB_2000_dt_5.50e-06_Nx_256_periodic_n_relax_450p_,18.7985,NaN,396049_55,50p
23-Jun-2025 12:29:11,MATLAB,NMG,64,0.030019,5.5e-06,1e-5,2000,1e4,2000,false,neumann,/project/g_bme-janeslab/SarahG/spinodal_decomp_06_2025/out_MATLAB/NMG_MATLAB_2000_dt_5.50e-06_Nx_64_neumann_n_relax_450p_,48.2034,NaN,396049_38,50p
23-Jun-2025 12:29:11,MATLAB,NMG,64,0.030019,5.5e-06,1e-5,2000,1e4,2000,false,periodic,/project/g_bme-janeslab/SarahG/spinodal_decomp_06_2025/out_MATLAB/NMG_MATLAB_2000_dt_5.50e-06_Nx_64_periodic_n_relax_450p_,50.2556,NaN,396049_37,50p
23-Jun-2025 12:29:13,MATLAB,SAV,512,0.0037523,5.5e-06,NaN,2000,NaN,2000,false,periodic,/project/g_bme-janeslab/SarahG/spinodal_decomp_06_2025/out_MATLAB/SAV_MATLAB_2000_dt_5.50e-06_Nx_512_periodic_n_relax_475p_,102.154,NaN,396049_31,75p
23-Jun-2025 12:29:16,MATLAB,SAV,256,0.0075047,5.5e-06,NaN,2000,NaN,2000,false,neumann,/project/g_bme-janeslab/SarahG/spinodal_decomp_06_2025/out_MATLAB/SAV_MATLAB_2000_dt_5.50e-06_Nx_256_neumann_n_relax_450p_,50.6939,NaN,396049_56,50p
23-Jun-2025 12:29:17,MATLAB,SAV,256,0.0075047,5.5e-06,NaN,2000,NaN,10,true,periodic,/project/g_bme-janeslab/SarahG/spinodal_decomp_06_2025/out_MATLAB/SAV_MATLAB_2000_dt_5.50e-06_Nx_256_periodic_n_relax_475p_,23.6274,NaN,396049_19,75p
23-Jun-2025 12:29:25,MATLAB,SAV,512,0.0037523,5.5e-06,NaN,2000,NaN,2000,false,periodic,/project/g_bme-janeslab/SarahG/spinodal_decomp_06_2025/out_MATLAB/SAV_MATLAB_2000_dt_5.50e-06_Nx_512_periodic_n_relax_450p_,60.5342,NaN,396049_63,50p
23-Jun-2025 12:29:29,MATLAB,NMG,64,0.030019,5.5e-06,1e-5,2000,1e4,10,true,neumann,/project/g_bme-janeslab/SarahG/spinodal_decomp_06_2025/out_MATLAB/NMG_MATLAB_2000_dt_5.50e-06_Nx_64_neumann_n_relax_450p_,85.8778,NaN,396049_34,50p
23-Jun-2025 12:29:33,MATLAB,NMG,64,0.030019,5.5e-06,1e-5,2000,1e4,10,true,periodic,/project/g_bme-janeslab/SarahG/spinodal_decomp_06_2025/out_MATLAB/NMG_MATLAB_2000_dt_5.50e-06_Nx_64_periodic_n_relax_450p_,82.3473,NaN,396049_33,50p
23-Jun-2025 12:29:50,MATLAB,SAV,128,0.015009,5.5e-06,NaN,2000,NaN,10,true,periodic,/project/g_bme-janeslab/SarahG/spinodal_decomp_06_2025/out_MATLAB/SAV_MATLAB_2000_dt_5.50e-06_Nx_128_periodic_n_relax_450p_,9.7552,NaN,396049_43,50p
23-Jun-2025 12:29:51,MATLAB,SAV,256,0.0075047,5.5e-06,NaN,2000,NaN,10,true,neumann,/project/g_bme-janeslab/SarahG/spinodal_decomp_06_2025/out_MATLAB/SAV_MATLAB_2000_dt_5.50e-06_Nx_256_neumann_n_relax_475p_,58.9307,NaN,396049_20,75p
23-Jun-2025 12:29:51,MATLAB,NMG,128,0.015009,5.5e-06,1e-5,2000,1e4,2000,false,periodic,/project/g_bme-janeslab/SarahG/spinodal_decomp_06_2025/out_MATLAB/NMG_MATLAB_2000_dt_5.50e-06_Nx_128_periodic_n_relax_475p_,241.4057,NaN,396049_13,75p
23-Jun-2025 12:30:02,MATLAB,NMG,64,0.030019,5.5e-06,1e-5,2000,1e4,10,true,neumann,/project/g_bme-janeslab/SarahG/spinodal_decomp_06_2025/out_MATLAB/NMG_MATLAB_2000_dt_5.50e-06_Nx_64_neumann_n_relax_425p_,49.2656,NaN,396049_66,25p
23-Jun-2025 12:30:03,MATLAB,SAV,128,0.015009,5.5e-06,NaN,2000,NaN,10,true,neumann,/project/g_bme-janeslab/SarahG/spinodal_decomp_06_2025/out_MATLAB/SAV_MATLAB_2000_dt_5.50e-06_Nx_128_neumann_n_relax_450p_,22.0772,NaN,396049_44,50p
23-Jun-2025 12:30:04,MATLAB,NMG,128,0.015009,5.5e-06,1e-5,2000,1e4,2000,false,neumann,/project/g_bme-janeslab/SarahG/spinodal_decomp_06_2025/out_MATLAB/NMG_MATLAB_2000_dt_5.50e-06_Nx_128_neumann_n_relax_475p_,243.6268,NaN,396049_14,75p
23-Jun-2025 12:30:11,MATLAB,SAV,64,0.030019,5.5e-06,NaN,2000,NaN,10,true,periodic,/project/g_bme-janeslab/SarahG/spinodal_decomp_06_2025/out_MATLAB/SAV_MATLAB_2000_dt_5.50e-06_Nx_64_periodic_n_relax_425p_,3.7371,NaN,396049_67,25p
23-Jun-2025 12:30:11,MATLAB,NMG,64,0.030019,5.5e-06,1e-5,2000,1e4,10,true,periodic,/project/g_bme-janeslab/SarahG/spinodal_decomp_06_2025/out_MATLAB/NMG_MATLAB_2000_dt_5.50e-06_Nx_64_periodic_n_relax_425p_,49.361,NaN,396049_65,25p
23-Jun-2025 12:30:59,MATLAB,NMG,128,0.015009,5.5e-06,1e-5,2000,1e4,10,true,periodic,/project/g_bme-janeslab/SarahG/spinodal_decomp_06_2025/out_MATLAB/NMG_MATLAB_2000_dt_5.50e-06_Nx_128_periodic_n_relax_475p_,242.6155,NaN,396049_9,75p
23-Jun-2025 12:31:00,MATLAB,NMG,128,0.015009,5.5e-06,1e-5,2000,1e4,10,true,neumann,/project/g_bme-janeslab/SarahG/spinodal_decomp_06_2025/out_MATLAB/NMG_MATLAB_2000_dt_5.50e-06_Nx_128_neumann_n_relax_475p_,243.6955,NaN,396049_10,75p
23-Jun-2025 12:31:35,MATLAB,SAV,64,0.030019,5.5e-06,NaN,2000,NaN,10,true,neumann,/project/g_bme-janeslab/SarahG/spinodal_decomp_06_2025/out_MATLAB/SAV_MATLAB_2000_dt_5.50e-06_Nx_64_neumann_n_relax_425p_,14.6469,NaN,396049_68,25p
23-Jun-2025 12:31:36,MATLAB,SAV,512,0.0037523,5.5e-06,NaN,2000,NaN,2000,false,neumann,/project/g_bme-janeslab/SarahG/spinodal_decomp_06_2025/out_MATLAB/SAV_MATLAB_2000_dt_5.50e-06_Nx_512_neumann_n_relax_450p_,192.929,NaN,396049_64,50p
23-Jun-2025 12:31:38,MATLAB,SAV,512,0.0037523,5.5e-06,NaN,2000,NaN,2000,false,neumann,/project/g_bme-janeslab/SarahG/spinodal_decomp_06_2025/out_MATLAB/SAV_MATLAB_2000_dt_5.50e-06_Nx_512_neumann_n_relax_475p_,272.3111,NaN,396049_32,75p
23-Jun-2025 12:31:53,MATLAB,SAV,256,0.0075047,5.5e-06,NaN,2000,NaN,10,true,periodic,/project/g_bme-janeslab/SarahG/spinodal_decomp_06_2025/out_MATLAB/SAV_MATLAB_2000_dt_5.50e-06_Nx_256_periodic_n_relax_450p_,26.6424,NaN,396049_51,50p
23-Jun-2025 12:31:57,MATLAB,SAV,64,0.030019,5.5e-06,NaN,2000,NaN,2000,false,periodic,/project/g_bme-janeslab/SarahG/spinodal_decomp_06_2025/out_MATLAB/SAV_MATLAB_2000_dt_5.50e-06_Nx_64_periodic_n_relax_425p_,7.9004,NaN,396049_71,25p
23-Jun-2025 12:31:59,MATLAB,NMG,64,0.030019,5.5e-06,1e-5,2000,1e4,2000,false,periodic,/project/g_bme-janeslab/SarahG/spinodal_decomp_06_2025/out_MATLAB/NMG_MATLAB_2000_dt_5.50e-06_Nx_64_periodic_n_relax_425p_,47.3234,NaN,396049_69,25p
23-Jun-2025 12:32:01,MATLAB,SAV,64,0.030019,5.5e-06,NaN,2000,NaN,2000,false,neumann,/project/g_bme-janeslab/SarahG/spinodal_decomp_06_2025/out_MATLAB/SAV_MATLAB_2000_dt_5.50e-06_Nx_64_neumann_n_relax_425p_,10.8251,NaN,396049_72,25p
23-Jun-2025 12:32:44,MATLAB,NMG,128,0.015009,5.5e-06,1e-5,2000,1e4,2000,false,periodic,/project/g_bme-janeslab/SarahG/spinodal_decomp_06_2025/out_MATLAB/NMG_MATLAB_2000_dt_5.50e-06_Nx_128_periodic_n_relax_450p_,258.3289,NaN,396049_45,50p
23-Jun-2025 12:32:47,MATLAB,NMG,128,0.015009,5.5e-06,1e-5,2000,1e4,2000,false,neumann,/project/g_bme-janeslab/SarahG/spinodal_decomp_06_2025/out_MATLAB/NMG_MATLAB_2000_dt_5.50e-06_Nx_128_neumann_n_relax_450p_,263.2739,NaN,396049_46,50p
23-Jun-2025 12:32:48,MATLAB,SAV,256,0.0075047,5.5e-06,NaN,2000,NaN,10,true,neumann,/project/g_bme-janeslab/SarahG/spinodal_decomp_06_2025/out_MATLAB/SAV_MATLAB_2000_dt_5.50e-06_Nx_256_neumann_n_relax_450p_,57.5471,NaN,396049_52,50p
23-Jun-2025 12:33:17,MATLAB,NMG,64,0.030019,5.5e-06,1e-5,2000,1e4,2000,false,neumann,/project/g_bme-janeslab/SarahG/spinodal_decomp_06_2025/out_MATLAB/NMG_MATLAB_2000_dt_5.50e-06_Nx_64_neumann_n_relax_425p_,84.2671,NaN,396049_70,25p
23-Jun-2025 12:34:03,MATLAB,NMG,128,0.015009,5.5e-06,1e-5,2000,1e4,10,true,periodic,/project/g_bme-janeslab/SarahG/spinodal_decomp_06_2025/out_MATLAB/NMG_MATLAB_2000_dt_5.50e-06_Nx_128_periodic_n_relax_450p_,259.2539,NaN,396049_41,50p
23-Jun-2025 12:34:07,MATLAB,NMG,128,0.015009,5.5e-06,1e-5,2000,1e4,10,true,neumann,/project/g_bme-janeslab/SarahG/spinodal_decomp_06_2025/out_MATLAB/NMG_MATLAB_2000_dt_5.50e-06_Nx_128_neumann_n_relax_450p_,265.4096,NaN,396049_42,50p
23-Jun-2025 12:34:53,MATLAB,SAV,128,0.015009,5.5e-06,NaN,2000,NaN,10,true,neumann,/project/g_bme-janeslab/SarahG/spinodal_decomp_06_2025/out_MATLAB/SAV_MATLAB_2000_dt_5.50e-06_Nx_128_neumann_n_relax_425p_,21.0715,NaN,396049_76,25p
23-Jun-2025 12:34:55,MATLAB,SAV,128,0.015009,5.5e-06,NaN,2000,NaN,10,true,periodic,/project/g_bme-janeslab/SarahG/spinodal_decomp_06_2025/out_MATLAB/SAV_MATLAB_2000_dt_5.50e-06_Nx_128_periodic_n_relax_425p_,18.018,NaN,396049_75,25p
23-Jun-2025 12:35:00,MATLAB,SAV,128,0.015009,5.5e-06,NaN,2000,NaN,2000,false,periodic,/project/g_bme-janeslab/SarahG/spinodal_decomp_06_2025/out_MATLAB/SAV_MATLAB_2000_dt_5.50e-06_Nx_128_periodic_n_relax_425p_,14.3232,NaN,396049_79,25p
23-Jun-2025 12:35:15,MATLAB,SAV,128,0.015009,5.5e-06,NaN,2000,NaN,2000,false,neumann,/project/g_bme-janeslab/SarahG/spinodal_decomp_06_2025/out_MATLAB/SAV_MATLAB_2000_dt_5.50e-06_Nx_128_neumann_n_relax_425p_,27.6939,NaN,396049_80,25p
23-Jun-2025 12:37:41,MATLAB,SAV,256,0.0075047,5.5e-06,NaN,2000,NaN,2000,false,periodic,/project/g_bme-janeslab/SarahG/spinodal_decomp_06_2025/out_MATLAB/SAV_MATLAB_2000_dt_5.50e-06_Nx_256_periodic_n_relax_425p_,27.1824,NaN,396049_87,25p
23-Jun-2025 12:37:42,MATLAB,SAV,256,0.0075047,5.5e-06,NaN,2000,NaN,10,true,periodic,/project/g_bme-janeslab/SarahG/spinodal_decomp_06_2025/out_MATLAB/SAV_MATLAB_2000_dt_5.50e-06_Nx_256_periodic_n_relax_425p_,24.5511,NaN,396049_83,25p
23-Jun-2025 12:38:08,MATLAB,SAV,512,0.0037523,5.5e-06,NaN,2000,NaN,10,true,neumann,/project/g_bme-janeslab/SarahG/spinodal_decomp_06_2025/out_MATLAB/SAV_MATLAB_2000_dt_5.50e-06_Nx_512_neumann_n_relax_475p_,211.3719,NaN,396049_28,75p
23-Jun-2025 12:38:35,MATLAB,SAV,256,0.0075047,5.5e-06,NaN,2000,NaN,2000,false,neumann,/project/g_bme-janeslab/SarahG/spinodal_decomp_06_2025/out_MATLAB/SAV_MATLAB_2000_dt_5.50e-06_Nx_256_neumann_n_relax_425p_,83.1519,NaN,396049_88,25p
23-Jun-2025 12:40:04,MATLAB,SAV,512,0.0037523,5.5e-06,NaN,2000,NaN,10,true,periodic,/project/g_bme-janeslab/SarahG/spinodal_decomp_06_2025/out_MATLAB/SAV_MATLAB_2000_dt_5.50e-06_Nx_512_periodic_n_relax_450p_,76.1037,NaN,396049_59,50p
23-Jun-2025 12:40:16,MATLAB,NMG,128,0.015009,5.5e-06,1e-5,2000,1e4,10,true,neumann,/project/g_bme-janeslab/SarahG/spinodal_decomp_06_2025/out_MATLAB/NMG_MATLAB_2000_dt_5.50e-06_Nx_128_neumann_n_relax_425p_,399.4348,NaN,396049_74,25p
23-Jun-2025 12:40:28,MATLAB,NMG,128,0.015009,5.5e-06,1e-5,2000,1e4,10,true,periodic,/project/g_bme-janeslab/SarahG/spinodal_decomp_06_2025/out_MATLAB/NMG_MATLAB_2000_dt_5.50e-06_Nx_128_periodic_n_relax_425p_,403.5171,NaN,396049_73,25p
23-Jun-2025 12:40:49,MATLAB,NMG,256,0.0075047,5.5e-06,1e-5,2000,1e4,2000,false,periodic,/project/g_bme-janeslab/SarahG/spinodal_decomp_06_2025/out_MATLAB/NMG_MATLAB_2000_dt_5.50e-06_Nx_256_periodic_n_relax_475p_,892.365,NaN,396049_21,75p
23-Jun-2025 12:41:07,MATLAB,SAV,512,0.0037523,5.5e-06,NaN,2000,NaN,10,true,periodic,/project/g_bme-janeslab/SarahG/spinodal_decomp_06_2025/out_MATLAB/SAV_MATLAB_2000_dt_5.50e-06_Nx_512_periodic_n_relax_425p_,72.6588,NaN,396049_91,25p
23-Jun-2025 12:41:21,MATLAB,NMG,128,0.015009,5.5e-06,1e-5,2000,1e4,2000,false,periodic,/project/g_bme-janeslab/SarahG/spinodal_decomp_06_2025/out_MATLAB/NMG_MATLAB_2000_dt_5.50e-06_Nx_128_periodic_n_relax_425p_,397.5216,NaN,396049_77,25p
23-Jun-2025 12:41:23,MATLAB,SAV,512,0.0037523,5.5e-06,NaN,2000,NaN,2000,false,periodic,/project/g_bme-janeslab/SarahG/spinodal_decomp_06_2025/out_MATLAB/SAV_MATLAB_2000_dt_5.50e-06_Nx_512_periodic_n_relax_425p_,55.3125,NaN,396049_95,25p
23-Jun-2025 12:41:23,MATLAB,NMG,128,0.015009,5.5e-06,1e-5,2000,1e4,2000,false,neumann,/project/g_bme-janeslab/SarahG/spinodal_decomp_06_2025/out_MATLAB/NMG_MATLAB_2000_dt_5.50e-06_Nx_128_neumann_n_relax_425p_,396.0804,NaN,396049_78,25p
23-Jun-2025 12:42:14,MATLAB,SAV,512,0.0037523,5.5e-06,NaN,2000,NaN,10,true,neumann,/project/g_bme-janeslab/SarahG/spinodal_decomp_06_2025/out_MATLAB/SAV_MATLAB_2000_dt_5.50e-06_Nx_512_neumann_n_relax_450p_,214.8736,NaN,396049_60,50p
23-Jun-2025 12:42:50,MATLAB,NMG,256,0.0075047,5.5e-06,1e-5,2000,1e4,2000,false,neumann,/project/g_bme-janeslab/SarahG/spinodal_decomp_06_2025/out_MATLAB/NMG_MATLAB_2000_dt_5.50e-06_Nx_256_neumann_n_relax_475p_,1016.8808,NaN,396049_22,75p
23-Jun-2025 12:43:30,MATLAB,NMG,256,0.0075047,5.5e-06,1e-5,2000,1e4,2000,false,periodic,/project/g_bme-janeslab/SarahG/spinodal_decomp_06_2025/out_MATLAB/NMG_MATLAB_2000_dt_5.50e-06_Nx_256_periodic_n_relax_450p_,904.8521,NaN,396049_53,50p
23-Jun-2025 12:43:32,MATLAB,SAV,256,0.0075047,5.5e-06,NaN,2000,NaN,10,true,neumann,/project/g_bme-janeslab/SarahG/spinodal_decomp_06_2025/out_MATLAB/SAV_MATLAB_2000_dt_5.50e-06_Nx_256_neumann_n_relax_425p_,83.9305,NaN,396049_84,25p
23-Jun-2025 12:43:35,MATLAB,NMG,256,0.0075047,5.5e-06,1e-5,2000,1e4,10,true,periodic,/project/g_bme-janeslab/SarahG/spinodal_decomp_06_2025/out_MATLAB/NMG_MATLAB_2000_dt_5.50e-06_Nx_256_periodic_n_relax_475p_,891.945,NaN,396049_17,75p
23-Jun-2025 12:44:50,MATLAB,SAV,512,0.0037523,5.5e-06,NaN,2000,NaN,2000,false,neumann,/project/g_bme-janeslab/SarahG/spinodal_decomp_06_2025/out_MATLAB/SAV_MATLAB_2000_dt_5.50e-06_Nx_512_neumann_n_relax_425p_,256.7646,NaN,396049_96,25p
23-Jun-2025 12:45:39,MATLAB,NMG,256,0.0075047,5.5e-06,1e-5,2000,1e4,2000,false,neumann,/project/g_bme-janeslab/SarahG/spinodal_decomp_06_2025/out_MATLAB/NMG_MATLAB_2000_dt_5.50e-06_Nx_256_neumann_n_relax_450p_,1034.6383,NaN,396049_54,50p
23-Jun-2025 12:46:01,MATLAB,NMG,256,0.0075047,5.5e-06,1e-5,2000,1e4,10,true,neumann,/project/g_bme-janeslab/SarahG/spinodal_decomp_06_2025/out_MATLAB/NMG_MATLAB_2000_dt_5.50e-06_Nx_256_neumann_n_relax_475p_,1029.0246,NaN,396049_18,75p
23-Jun-2025 12:46:47,MATLAB,NMG,256,0.0075047,5.5e-06,1e-5,2000,1e4,10,true,periodic,/project/g_bme-janeslab/SarahG/spinodal_decomp_06_2025/out_MATLAB/NMG_MATLAB_2000_dt_5.50e-06_Nx_256_periodic_n_relax_450p_,915.531,NaN,396049_49,50p
23-Jun-2025 12:48:47,MATLAB,NMG,256,0.0075047,5.5e-06,1e-5,2000,1e4,10,true,neumann,/project/g_bme-janeslab/SarahG/spinodal_decomp_06_2025/out_MATLAB/NMG_MATLAB_2000_dt_5.50e-06_Nx_256_neumann_n_relax_450p_,1038.6756,NaN,396049_50,50p
23-Jun-2025 12:59:53,MATLAB,SAV,512,0.0037523,5.5e-06,NaN,2000,NaN,10,true,neumann,/project/g_bme-janeslab/SarahG/spinodal_decomp_06_2025/out_MATLAB/SAV_MATLAB_2000_dt_5.50e-06_Nx_512_neumann_n_relax_425p_,320.8636,NaN,396049_92,25p
23-Jun-2025 13:01:13,MATLAB,NMG,256,0.0075047,5.5e-06,1e-5,2000,1e4,2000,false,periodic,/project/g_bme-janeslab/SarahG/spinodal_decomp_06_2025/out_MATLAB/NMG_MATLAB_2000_dt_5.50e-06_Nx_256_periodic_n_relax_425p_,1438.7755,NaN,396049_85,25p
23-Jun-2025 13:03:31,MATLAB,NMG,256,0.0075047,5.5e-06,1e-5,2000,1e4,10,true,periodic,/project/g_bme-janeslab/SarahG/spinodal_decomp_06_2025/out_MATLAB/NMG_MATLAB_2000_dt_5.50e-06_Nx_256_periodic_n_relax_425p_,1438.5671,NaN,396049_81,25p
23-Jun-2025 13:05:41,MATLAB,NMG,256,0.0075047,5.5e-06,1e-5,2000,1e4,2000,false,neumann,/project/g_bme-janeslab/SarahG/spinodal_decomp_06_2025/out_MATLAB/NMG_MATLAB_2000_dt_5.50e-06_Nx_256_neumann_n_relax_425p_,1706.6299,NaN,396049_86,25p
23-Jun-2025 13:10:14,MATLAB,NMG,256,0.0075047,5.5e-06,1e-5,2000,1e4,10,true,neumann,/project/g_bme-janeslab/SarahG/spinodal_decomp_06_2025/out_MATLAB/NMG_MATLAB_2000_dt_5.50e-06_Nx_256_neumann_n_relax_425p_,1757.4789,NaN,396049_82,25p
23-Jun-2025 13:27:22,MATLAB,NMG,512,0.0037523,5.5e-06,1e-5,2000,1e4,2000,false,periodic,/project/g_bme-janeslab/SarahG/spinodal_decomp_06_2025/out_MATLAB/NMG_MATLAB_2000_dt_5.50e-06_Nx_512_periodic_n_relax_450p_,3533.1121,NaN,396049_61,50p
23-Jun-2025 13:35:06,MATLAB,NMG,512,0.0037523,5.5e-06,1e-5,2000,1e4,10,true,periodic,/project/g_bme-janeslab/SarahG/spinodal_decomp_06_2025/out_MATLAB/NMG_MATLAB_2000_dt_5.50e-06_Nx_512_periodic_n_relax_475p_,3509.3433,NaN,396049_25,75p
23-Jun-2025 13:36:22,MATLAB,NMG,512,0.0037523,5.5e-06,1e-5,2000,1e4,2000,false,neumann,/project/g_bme-janeslab/SarahG/spinodal_decomp_06_2025/out_MATLAB/NMG_MATLAB_2000_dt_5.50e-06_Nx_512_neumann_n_relax_450p_,4078.9002,NaN,396049_62,50p
23-Jun-2025 13:38:57,MATLAB,NMG,512,0.0037523,5.5e-06,1e-5,2000,1e4,10,true,periodic,/project/g_bme-janeslab/SarahG/spinodal_decomp_06_2025/out_MATLAB/NMG_MATLAB_2000_dt_5.50e-06_Nx_512_periodic_n_relax_450p_,3558.2573,NaN,396049_57,50p
23-Jun-2025 13:46:34,MATLAB,NMG,512,0.0037523,5.5e-06,1e-5,2000,1e4,10,true,neumann,/project/g_bme-janeslab/SarahG/spinodal_decomp_06_2025/out_MATLAB/NMG_MATLAB_2000_dt_5.50e-06_Nx_512_neumann_n_relax_475p_,4265.8956,NaN,396049_26,75p
23-Jun-2025 13:48:10,MATLAB,NMG,512,0.0037523,5.5e-06,1e-5,2000,1e4,2000,false,neumann,/project/g_bme-janeslab/SarahG/spinodal_decomp_06_2025/out_MATLAB/NMG_MATLAB_2000_dt_5.50e-06_Nx_512_neumann_n_relax_425p_,4057.7157,NaN,396049_94,25p
23-Jun-2025 13:49:19,MATLAB,NMG,512,0.0037523,5.5e-06,1e-5,2000,1e4,10,true,neumann,/project/g_bme-janeslab/SarahG/spinodal_decomp_06_2025/out_MATLAB/NMG_MATLAB_2000_dt_5.50e-06_Nx_512_neumann_n_relax_450p_,4183.7999,NaN,396049_58,50p
23-Jun-2025 14:02:25,MATLAB,NMG,512,0.0037523,5.5e-06,1e-5,2000,1e4,2000,false,periodic,/project/g_bme-janeslab/SarahG/spinodal_decomp_06_2025/out_MATLAB/NMG_MATLAB_2000_dt_5.50e-06_Nx_512_periodic_n_relax_475p_,5701.1829,NaN,396049_29,75p
23-Jun-2025 14:17:29,MATLAB,NMG,512,0.0037523,5.5e-06,1e-5,2000,1e4,2000,false,periodic,/project/g_bme-janeslab/SarahG/spinodal_decomp_06_2025/out_MATLAB/NMG_MATLAB_2000_dt_5.50e-06_Nx_512_periodic_n_relax_425p_,5860.9377,NaN,396049_93,25p
23-Jun-2025 14:19:09,MATLAB,NMG,512,0.0037523,5.5e-06,1e-5,2000,1e4,2000,false,neumann,/project/g_bme-janeslab/SarahG/spinodal_decomp_06_2025/out_MATLAB/NMG_MATLAB_2000_dt_5.50e-06_Nx_512_neumann_n_relax_475p_,6709.077,NaN,396049_30,75p
23-Jun-2025 14:35:25,MATLAB,NMG,512,0.0037523,5.5e-06,1e-5,2000,1e4,10,true,periodic,/project/g_bme-janeslab/SarahG/spinodal_decomp_06_2025/out_MATLAB/NMG_MATLAB_2000_dt_5.50e-06_Nx_512_periodic_n_relax_425p_,6070.2966,NaN,396049_89,25p
23-Jun-2025 15:01:44,MATLAB,NMG,512,0.0037523,5.5e-06,1e-5,2000,1e4,10,true,neumann,/project/g_bme-janeslab/SarahG/spinodal_decomp_06_2025/out_MATLAB/NMG_MATLAB_2000_dt_5.50e-06_Nx_512_neumann_n_relax_425p_,7609.9703,NaN,396049_90,25p
23-Jun-2025 15:24:39,MATLAB,SAV,64,0.030019,5.5e-06,NaN,2000,NaN,2000,false,periodic,/project/g_bme-janeslab/SarahG/spinodal_decomp_06_2025/out_MATLAB/SAV_MATLAB_2000_dt_5.50e-06_Nx_64_periodic_n_relax_475p_,5.0764,NaN,403170_7,75p
23-Jun-2025 15:24:39,MATLAB,SAV,128,0.015009,5.5e-06,NaN,2000,NaN,2000,false,periodic,/project/g_bme-janeslab/SarahG/spinodal_decomp_06_2025/out_MATLAB/SAV_MATLAB_2000_dt_5.50e-06_Nx_128_periodic_n_relax_475p_,17.2923,NaN,403170_15,75p
23-Jun-2025 15:24:52,MATLAB,SAV,256,0.0075047,5.5e-06,NaN,2000,NaN,2000,false,periodic,/project/g_bme-janeslab/SarahG/spinodal_decomp_06_2025/out_MATLAB/SAV_MATLAB_2000_dt_5.50e-06_Nx_256_periodic_n_relax_475p_,27.5261,NaN,403170_23,75p
23-Jun-2025 15:24:57,MATLAB,SAV,64,0.030019,5.5e-06,NaN,2000,NaN,2000,false,periodic,/project/g_bme-janeslab/SarahG/spinodal_decomp_06_2025/out_MATLAB/SAV_MATLAB_2000_dt_5.50e-06_Nx_64_periodic_n_relax_450p_,4.3849,NaN,403170_39,50p
23-Jun-2025 15:25:40,MATLAB,NMG,64,0.030019,5.5e-06,1e-5,2000,1e4,2000,false,periodic,/project/g_bme-janeslab/SarahG/spinodal_decomp_06_2025/out_MATLAB/NMG_MATLAB_2000_dt_5.50e-06_Nx_64_periodic_n_relax_475p_,80.1096,NaN,403170_5,75p
23-Jun-2025 15:25:49,MATLAB,SAV,128,0.015009,5.5e-06,NaN,2000,NaN,2000,false,periodic,/project/g_bme-janeslab/SarahG/spinodal_decomp_06_2025/out_MATLAB/SAV_MATLAB_2000_dt_5.50e-06_Nx_128_periodic_n_relax_450p_,14.851,NaN,403170_47,50p
23-Jun-2025 15:26:08,MATLAB,SAV,64,0.030019,5.5e-06,NaN,2000,NaN,10,true,periodic,/project/g_bme-janeslab/SarahG/spinodal_decomp_06_2025/out_MATLAB/SAV_MATLAB_2000_dt_5.50e-06_Nx_64_periodic_n_relax_475p_,7.2419,NaN,403170_3,75p
23-Jun-2025 15:26:12,MATLAB,SAV,64,0.030019,5.5e-06,NaN,2000,NaN,10,true,periodic,/project/g_bme-janeslab/SarahG/spinodal_decomp_06_2025/out_MATLAB/SAV_MATLAB_2000_dt_5.50e-06_Nx_64_periodic_n_relax_450p_,6.3459,NaN,403170_35,50p
23-Jun-2025 15:26:19,MATLAB,NMG,64,0.030019,5.5e-06,1e-5,2000,1e4,2000,false,periodic,/project/g_bme-janeslab/SarahG/spinodal_decomp_06_2025/out_MATLAB/NMG_MATLAB_2000_dt_5.50e-06_Nx_64_periodic_n_relax_450p_,79.9252,NaN,403170_37,50p
23-Jun-2025 15:26:42,MATLAB,SAV,256,0.0075047,5.5e-06,NaN,2000,NaN,2000,false,periodic,/project/g_bme-janeslab/SarahG/spinodal_decomp_06_2025/out_MATLAB/SAV_MATLAB_2000_dt_5.50e-06_Nx_256_periodic_n_relax_450p_,30.3381,NaN,403170_55,50p
23-Jun-2025 15:26:44,MATLAB,SAV,512,0.0037523,5.5e-06,NaN,2000,NaN,2000,false,periodic,/project/g_bme-janeslab/SarahG/spinodal_decomp_06_2025/out_MATLAB/SAV_MATLAB_2000_dt_5.50e-06_Nx_512_periodic_n_relax_475p_,101.6579,NaN,403170_31,75p
23-Jun-2025 15:26:51,MATLAB,SAV,128,0.015009,5.5e-06,NaN,2000,NaN,10,true,periodic,/project/g_bme-janeslab/SarahG/spinodal_decomp_06_2025/out_MATLAB/SAV_MATLAB_2000_dt_5.50e-06_Nx_128_periodic_n_relax_475p_,13.9727,NaN,403170_11,75p
23-Jun-2025 15:27:38,MATLAB,NMG,64,0.030019,5.5e-06,1e-5,2000,1e4,10,true,periodic,/project/g_bme-janeslab/SarahG/spinodal_decomp_06_2025/out_MATLAB/NMG_MATLAB_2000_dt_5.50e-06_Nx_64_periodic_n_relax_475p_,85.4479,NaN,403170_1,75p
23-Jun-2025 15:27:46,MATLAB,SAV,64,0.030019,5.5e-06,NaN,2000,NaN,2000,false,periodic,/project/g_bme-janeslab/SarahG/spinodal_decomp_06_2025/out_MATLAB/SAV_MATLAB_2000_dt_5.50e-06_Nx_64_periodic_n_relax_425p_,5.4407,NaN,403170_71,25p
23-Jun-2025 15:27:52,MATLAB,NMG,64,0.030019,5.5e-06,1e-5,2000,1e4,10,true,periodic,/project/g_bme-janeslab/SarahG/spinodal_decomp_06_2025/out_MATLAB/NMG_MATLAB_2000_dt_5.50e-06_Nx_64_periodic_n_relax_450p_,87.5797,NaN,403170_33,50p
23-Jun-2025 15:28:00,MATLAB,SAV,128,0.015009,5.5e-06,NaN,2000,NaN,10,true,periodic,/project/g_bme-janeslab/SarahG/spinodal_decomp_06_2025/out_MATLAB/SAV_MATLAB_2000_dt_5.50e-06_Nx_128_periodic_n_relax_450p_,14.3473,NaN,403170_43,50p
23-Jun-2025 15:28:19,MATLAB,SAV,128,0.015009,5.5e-06,NaN,2000,NaN,2000,false,periodic,/project/g_bme-janeslab/SarahG/spinodal_decomp_06_2025/out_MATLAB/SAV_MATLAB_2000_dt_5.50e-06_Nx_128_periodic_n_relax_425p_,11.5797,NaN,403170_79,25p
23-Jun-2025 15:28:40,MATLAB,SAV,64,0.030019,5.5e-06,NaN,2000,NaN,10,true,periodic,/project/g_bme-janeslab/SarahG/spinodal_decomp_06_2025/out_MATLAB/SAV_MATLAB_2000_dt_5.50e-06_Nx_64_periodic_n_relax_425p_,8.6293,NaN,403170_67,25p
23-Jun-2025 15:28:51,MATLAB,NMG,64,0.030019,5.5e-06,1e-5,2000,1e4,2000,false,periodic,/project/g_bme-janeslab/SarahG/spinodal_decomp_06_2025/out_MATLAB/NMG_MATLAB_2000_dt_5.50e-06_Nx_64_periodic_n_relax_425p_,85.0246,NaN,403170_69,25p
23-Jun-2025 15:29:04,MATLAB,SAV,512,0.0037523,5.5e-06,NaN,2000,NaN,2000,false,periodic,/project/g_bme-janeslab/SarahG/spinodal_decomp_06_2025/out_MATLAB/SAV_MATLAB_2000_dt_5.50e-06_Nx_512_periodic_n_relax_450p_,93.8413,NaN,403170_63,50p
23-Jun-2025 15:29:45,MATLAB,SAV,256,0.0075047,5.5e-06,NaN,2000,NaN,10,true,periodic,/project/g_bme-janeslab/SarahG/spinodal_decomp_06_2025/out_MATLAB/SAV_MATLAB_2000_dt_5.50e-06_Nx_256_periodic_n_relax_475p_,35.0281,NaN,403170_19,75p
23-Jun-2025 15:29:58,MATLAB,SAV,256,0.0075047,5.5e-06,NaN,2000,NaN,2000,false,periodic,/project/g_bme-janeslab/SarahG/spinodal_decomp_06_2025/out_MATLAB/SAV_MATLAB_2000_dt_5.50e-06_Nx_256_periodic_n_relax_425p_,27.537,NaN,403170_87,25p
23-Jun-2025 15:30:02,MATLAB,SAV,128,0.015009,5.5e-06,NaN,2000,NaN,10,true,periodic,/project/g_bme-janeslab/SarahG/spinodal_decomp_06_2025/out_MATLAB/SAV_MATLAB_2000_dt_5.50e-06_Nx_128_periodic_n_relax_425p_,17.5508,NaN,403170_75,25p
23-Jun-2025 15:30:07,MATLAB,NMG,64,0.030019,5.5e-06,1e-5,2000,1e4,10,true,periodic,/project/g_bme-janeslab/SarahG/spinodal_decomp_06_2025/out_MATLAB/NMG_MATLAB_2000_dt_5.50e-06_Nx_64_periodic_n_relax_425p_,83.528,NaN,403170_65,25p
23-Jun-2025 15:30:29,MATLAB,SAV,256,0.0075047,5.5e-06,NaN,2000,NaN,10,true,periodic,/project/g_bme-janeslab/SarahG/spinodal_decomp_06_2025/out_MATLAB/SAV_MATLAB_2000_dt_5.50e-06_Nx_256_periodic_n_relax_450p_,44.6538,NaN,403170_51,50p
23-Jun-2025 15:30:42,MATLAB,SAV,256,0.0075047,5.5e-06,NaN,2000,NaN,10,true,periodic,/project/g_bme-janeslab/SarahG/spinodal_decomp_06_2025/out_MATLAB/SAV_MATLAB_2000_dt_5.50e-06_Nx_256_periodic_n_relax_425p_,43.5592,NaN,403170_83,25p
23-Jun-2025 15:30:51,MATLAB,NMG,128,0.015009,5.5e-06,1e-5,2000,1e4,2000,false,periodic,/project/g_bme-janeslab/SarahG/spinodal_decomp_06_2025/out_MATLAB/NMG_MATLAB_2000_dt_5.50e-06_Nx_128_periodic_n_relax_475p_,388.6425,NaN,403170_13,75p
23-Jun-2025 15:32:08,MATLAB,SAV,512,0.0037523,5.5e-06,NaN,2000,NaN,2000,false,periodic,/project/g_bme-janeslab/SarahG/spinodal_decomp_06_2025/out_MATLAB/SAV_MATLAB_2000_dt_5.50e-06_Nx_512_periodic_n_relax_425p_,118.1925,NaN,403170_95,25p
23-Jun-2025 15:32:55,MATLAB,NMG,128,0.015009,5.5e-06,1e-5,2000,1e4,10,true,periodic,/project/g_bme-janeslab/SarahG/spinodal_decomp_06_2025/out_MATLAB/NMG_MATLAB_2000_dt_5.50e-06_Nx_128_periodic_n_relax_475p_,390.9028,NaN,403170_9,75p
23-Jun-2025 15:33:10,MATLAB,NMG,128,0.015009,5.5e-06,1e-5,2000,1e4,2000,false,periodic,/project/g_bme-janeslab/SarahG/spinodal_decomp_06_2025/out_MATLAB/NMG_MATLAB_2000_dt_5.50e-06_Nx_128_periodic_n_relax_450p_,435.1856,NaN,403170_45,50p
23-Jun-2025 15:34:55,MATLAB,NMG,128,0.015009,5.5e-06,1e-5,2000,1e4,10,true,periodic,/project/g_bme-janeslab/SarahG/spinodal_decomp_06_2025/out_MATLAB/NMG_MATLAB_2000_dt_5.50e-06_Nx_128_periodic_n_relax_450p_,463.9432,NaN,403170_41,50p
23-Jun-2025 15:35:09,MATLAB,NMG,128,0.015009,5.5e-06,1e-5,2000,1e4,2000,false,periodic,/project/g_bme-janeslab/SarahG/spinodal_decomp_06_2025/out_MATLAB/NMG_MATLAB_2000_dt_5.50e-06_Nx_128_periodic_n_relax_425p_,417.6459,NaN,403170_77,25p
23-Jun-2025 15:36:47,MATLAB,NMG,128,0.015009,5.5e-06,1e-5,2000,1e4,10,true,periodic,/project/g_bme-janeslab/SarahG/spinodal_decomp_06_2025/out_MATLAB/NMG_MATLAB_2000_dt_5.50e-06_Nx_128_periodic_n_relax_425p_,413.0328,NaN,403170_73,25p
23-Jun-2025 15:38:31,MATLAB,SAV,512,0.0037523,5.5e-06,NaN,2000,NaN,10,true,periodic,/project/g_bme-janeslab/SarahG/spinodal_decomp_06_2025/out_MATLAB/SAV_MATLAB_2000_dt_5.50e-06_Nx_512_periodic_n_relax_450p_,137.9544,NaN,403170_59,50p
23-Jun-2025 15:42:29,MATLAB,SAV,512,0.0037523,5.5e-06,NaN,2000,NaN,10,true,periodic,/project/g_bme-janeslab/SarahG/spinodal_decomp_06_2025/out_MATLAB/SAV_MATLAB_2000_dt_5.50e-06_Nx_512_periodic_n_relax_475p_,124.4068,NaN,403170_27,75p
23-Jun-2025 15:46:53,MATLAB,SAV,512,0.0037523,5.5e-06,NaN,2000,NaN,10,true,periodic,/project/g_bme-janeslab/SarahG/spinodal_decomp_06_2025/out_MATLAB/SAV_MATLAB_2000_dt_5.50e-06_Nx_512_periodic_n_relax_425p_,124.2665,NaN,403170_91,25p
23-Jun-2025 15:48:56,MATLAB,NMG,256,0.0075047,5.5e-06,1e-5,2000,1e4,2000,false,periodic,/project/g_bme-janeslab/SarahG/spinodal_decomp_06_2025/out_MATLAB/NMG_MATLAB_2000_dt_5.50e-06_Nx_256_periodic_n_relax_475p_,1474.1927,NaN,403170_21,75p
23-Jun-2025 15:51:45,MATLAB,NMG,256,0.0075047,5.5e-06,1e-5,2000,1e4,2000,false,periodic,/project/g_bme-janeslab/SarahG/spinodal_decomp_06_2025/out_MATLAB/NMG_MATLAB_2000_dt_5.50e-06_Nx_256_periodic_n_relax_450p_,1551.3206,NaN,403170_53,50p
23-Jun-2025 15:54:51,MATLAB,NMG,256,0.0075047,5.5e-06,1e-5,2000,1e4,2000,false,periodic,/project/g_bme-janeslab/SarahG/spinodal_decomp_06_2025/out_MATLAB/NMG_MATLAB_2000_dt_5.50e-06_Nx_256_periodic_n_relax_425p_,1568.9036,NaN,403170_85,25p
23-Jun-2025 15:55:17,MATLAB,NMG,256,0.0075047,5.5e-06,1e-5,2000,1e4,10,true,periodic,/project/g_bme-janeslab/SarahG/spinodal_decomp_06_2025/out_MATLAB/NMG_MATLAB_2000_dt_5.50e-06_Nx_256_periodic_n_relax_450p_,1482.1157,NaN,403170_49,50p
23-Jun-2025 15:56:11,MATLAB,NMG,256,0.0075047,5.5e-06,1e-5,2000,1e4,10,true,periodic,/project/g_bme-janeslab/SarahG/spinodal_decomp_06_2025/out_MATLAB/NMG_MATLAB_2000_dt_5.50e-06_Nx_256_periodic_n_relax_475p_,1592.1572,NaN,403170_17,75p
23-Jun-2025 15:59:23,MATLAB,NMG,256,0.0075047,5.5e-06,1e-5,2000,1e4,10,true,periodic,/project/g_bme-janeslab/SarahG/spinodal_decomp_06_2025/out_MATLAB/NMG_MATLAB_2000_dt_5.50e-06_Nx_256_periodic_n_relax_425p_,1538.0615,NaN,403170_81,25p
23-Jun-2025 17:11:04,MATLAB,NMG,512,0.0037523,5.5e-06,1e-5,2000,1e4,2000,false,periodic,/project/g_bme-janeslab/SarahG/spinodal_decomp_06_2025/out_MATLAB/NMG_MATLAB_2000_dt_5.50e-06_Nx_512_periodic_n_relax_475p_,6366.8191,NaN,403170_29,75p
23-Jun-2025 17:17:26,MATLAB,NMG,512,0.0037523,5.5e-06,1e-5,2000,1e4,2000,false,periodic,/project/g_bme-janeslab/SarahG/spinodal_decomp_06_2025/out_MATLAB/NMG_MATLAB_2000_dt_5.50e-06_Nx_512_periodic_n_relax_450p_,6589.109,NaN,403170_61,50p
23-Jun-2025 17:19:19,MATLAB,NMG,512,0.0037523,5.5e-06,1e-5,2000,1e4,2000,false,periodic,/project/g_bme-janeslab/SarahG/spinodal_decomp_06_2025/out_MATLAB/NMG_MATLAB_2000_dt_5.50e-06_Nx_512_periodic_n_relax_425p_,6545.7582,NaN,403170_93,25p
23-Jun-2025 17:27:31,MATLAB,NMG,512,0.0037523,5.5e-06,1e-5,2000,1e4,10,true,periodic,/project/g_bme-janeslab/SarahG/spinodal_decomp_06_2025/out_MATLAB/NMG_MATLAB_2000_dt_5.50e-06_Nx_512_periodic_n_relax_450p_,6268.5284,NaN,403170_57,50p
23-Jun-2025 17:32:41,MATLAB,NMG,512,0.0037523,5.5e-06,1e-5,2000,1e4,10,true,periodic,/project/g_bme-janeslab/SarahG/spinodal_decomp_06_2025/out_MATLAB/NMG_MATLAB_2000_dt_5.50e-06_Nx_512_periodic_n_relax_425p_,6373.5692,NaN,403170_89,25p
23-Jun-2025 17:40:32,MATLAB,NMG,512,0.0037523,5.5e-06,1e-5,2000,1e4,10,true,periodic,/project/g_bme-janeslab/SarahG/spinodal_decomp_06_2025/out_MATLAB/NMG_MATLAB_2000_dt_5.50e-06_Nx_512_periodic_n_relax_475p_,7123.4277,NaN,403170_25,75p
06/23/2025 12:13:33,Julia,SAV,64,0.03001873982572423,5.5e-6,NaN,2000,NaN,10,true,periodic,/project/g_bme-janeslab/SarahG/spinodal_decomp_06_2025/out_julia/SAV_Julia_2000_dt_5.50e-06_Nx_64_periodic_dtout_1075p_,11.413214764,10649.142041,395375_3,75p
06/23/2025 12:13:32,Julia,NMG,64,0.03001873982572423,5.5e-6,1.0e-5,2000,10000.0,10,true,periodic,/project/g_bme-janeslab/SarahG/spinodal_decomp_06_2025/out_julia/NMG_Julia_2000_dt_5.50e-06_Nx_64_periodic_dtout_1075p_,24.469163927,14737.238424,395375_1,75p
06/23/2025 12:13:35,Julia,NMG,64,0.03001873982572423,5.5e-6,1.0e-5,2000,10000.0,10,true,neumann,/project/g_bme-janeslab/SarahG/spinodal_decomp_06_2025/out_julia/NMG_Julia_2000_dt_5.50e-06_Nx_64_neumann_dtout_1075p_,27.719954849,14699.421128,395375_2,75p
06/23/2025 12:14:28,Julia,SAV,64,0.03001873982572423,5.5e-6,NaN,2000,NaN,10,true,neumann,/project/g_bme-janeslab/SarahG/spinodal_decomp_06_2025/out_julia/SAV_Julia_2000_dt_5.50e-06_Nx_64_neumann_dtout_1075p_,20.847134417,40110.376073,395375_4,75p
06/23/2025 12:14:30,Julia,NMG,64,0.03001873982572423,5.5e-6,1.0e-5,2000,10000.0,2000,false,neumann,/project/g_bme-janeslab/SarahG/spinodal_decomp_06_2025/out_julia/NMG_Julia_2000_dt_5.50e-06_Nx_64_neumann_dtout_200075p_,26.497566451,14275.59076,395375_6,75p
06/23/2025 12:14:32,Julia,NMG,64,0.03001873982572423,5.5e-6,1.0e-5,2000,10000.0,2000,false,periodic,/project/g_bme-janeslab/SarahG/spinodal_decomp_06_2025/out_julia/NMG_Julia_2000_dt_5.50e-06_Nx_64_periodic_dtout_200075p_,27.527273218,14313.406376,395375_5,75p
06/23/2025 12:15:56,Julia,SAV,64,0.03001873982572423,5.5e-6,NaN,2000,NaN,2000,false,periodic,/project/g_bme-janeslab/SarahG/spinodal_decomp_06_2025/out_julia/SAV_Julia_2000_dt_5.50e-06_Nx_64_periodic_dtout_200075p_,9.670587686,10192.581337,395375_7,75p
06/23/2025 12:15:54,Julia,SAV,64,0.03001873982572423,5.5e-6,NaN,2000,NaN,2000,false,neumann,/project/g_bme-janeslab/SarahG/spinodal_decomp_06_2025/out_julia/SAV_Julia_2000_dt_5.50e-06_Nx_64_neumann_dtout_200075p_,21.131957769,39556.002089,395375_8,75p
06/23/2025 12:16:36,Julia,SAV,128,0.015009369912862116,5.5e-6,NaN,2000,NaN,10,true,periodic,/project/g_bme-janeslab/SarahG/spinodal_decomp_06_2025/out_julia/SAV_Julia_2000_dt_5.50e-06_Nx_128_periodic_dtout_1075p_,23.057752339,41296.877209,395375_11,75p
06/23/2025 12:16:37,Julia,SAV,128,0.015009369912862116,5.5e-6,NaN,2000,NaN,10,true,neumann,/project/g_bme-janeslab/SarahG/spinodal_decomp_06_2025/out_julia/SAV_Julia_2000_dt_5.50e-06_Nx_128_neumann_dtout_1075p_,94.832221463,159141.433609,395375_12,75p
06/23/2025 12:18:04,Julia,SAV,128,0.015009369912862116,5.5e-6,NaN,2000,NaN,2000,false,periodic,/project/g_bme-janeslab/SarahG/spinodal_decomp_06_2025/out_julia/SAV_Julia_2000_dt_5.50e-06_Nx_128_periodic_dtout_200075p_,22.825840497,39502.594361,395375_15,75p
06/23/2025 12:18:47,Julia,SAV,128,0.015009369912862116,5.5e-6,NaN,2000,NaN,2000,false,neumann,/project/g_bme-janeslab/SarahG/spinodal_decomp_06_2025/out_julia/SAV_Julia_2000_dt_5.50e-06_Nx_128_neumann_dtout_200075p_,99.667981403,156955.952137,395375_16,75p
06/23/2025 12:15:55,Julia,NMG,128,0.015009369912862116,5.5e-6,1.0e-5,2000,10000.0,10,true,neumann,/project/g_bme-janeslab/SarahG/spinodal_decomp_06_2025/out_julia/NMG_Julia_2000_dt_5.50e-06_Nx_128_neumann_dtout_1075p_,285.423140611,164088.883464,395375_10,75p
06/23/2025 12:15:57,Julia,NMG,128,0.015009369912862116,5.5e-6,1.0e-5,2000,10000.0,10,true,periodic,/project/g_bme-janeslab/SarahG/spinodal_decomp_06_2025/out_julia/NMG_Julia_2000_dt_5.50e-06_Nx_128_periodic_dtout_1075p_,293.237844586,166461.1418,395375_9,75p
06/23/2025 12:19:21,Julia,SAV,256,0.007504684956431058,5.5e-6,NaN,2000,NaN,10,true,periodic,/project/g_bme-janeslab/SarahG/spinodal_decomp_06_2025/out_julia/SAV_Julia_2000_dt_5.50e-06_Nx_256_periodic_dtout_1075p_,95.791898021,163889.946073,395375_19,75p
06/23/2025 12:16:35,Julia,NMG,128,0.015009369912862116,5.5e-6,1.0e-5,2000,10000.0,2000,false,periodic,/project/g_bme-janeslab/SarahG/spinodal_decomp_06_2025/out_julia/NMG_Julia_2000_dt_5.50e-06_Nx_128_periodic_dtout_200075p_,266.976519363,164797.401416,395375_13,75p
06/23/2025 12:17:10,Julia,NMG,128,0.015009369912862116,5.5e-6,1.0e-5,2000,10000.0,2000,false,neumann,/project/g_bme-janeslab/SarahG/spinodal_decomp_06_2025/out_julia/NMG_Julia_2000_dt_5.50e-06_Nx_128_neumann_dtout_200075p_,256.013800064,162425.195544,395375_14,75p
06/23/2025 12:20:13,Julia,SAV,256,0.007504684956431058,5.5e-6,NaN,2000,NaN,2000,false,periodic,/project/g_bme-janeslab/SarahG/spinodal_decomp_06_2025/out_julia/SAV_Julia_2000_dt_5.50e-06_Nx_256_periodic_dtout_200075p_,92.73329777,156742.641209,395375_23,75p
06/23/2025 12:24:08,Julia,SAV,64,0.03001873982572423,5.5e-6,NaN,2000,NaN,10,true,periodic,/project/g_bme-janeslab/SarahG/spinodal_decomp_06_2025/out_julia/SAV_Julia_2000_dt_5.50e-06_Nx_64_periodic_dtout_1050p_,5.989264144,10649.924953,395375_35,50p
06/23/2025 12:24:08,Julia,SAV,64,0.03001873982572423,5.5e-6,NaN,2000,NaN,10,true,periodic,/project/g_bme-janeslab/SarahG/spinodal_decomp_06_2025/out_julia/SAV_Julia_2000_dt_5.50e-06_Nx_64_periodic_dtout_1025p_,6.23636125,10649.954201,395375_67,25p
06/23/2025 12:24:08,Julia,SAV,64,0.03001873982572423,5.5e-6,NaN,2000,NaN,10,true,periodic,/project/g_bme-janeslab/SarahG/spinodal_decomp_06_2025/out_julia/SAV_Julia_2000_dt_5.50e-06_Nx_64_periodic_dtout_1025p_,6.23636125,10649.954201,395375_67,25p
06/23/2025 12:24:08,Julia,NMG,64,0.03001873982572423,5.5e-6,1.0e-5,2000,10000.0,2000,false,periodic,/project/g_bme-janeslab/SarahG/spinodal_decomp_06_2025/out_julia/NMG_Julia_2000_dt_5.50e-06_Nx_64_periodic_dtout_200025p_,14.730165899,14353.059384,395375_69,25p
06/23/2025 12:24:08,Julia,SAV,128,0.015009369912862116,5.5e-6,NaN,2000,NaN,10,true,periodic,/project/g_bme-janeslab/SarahG/spinodal_decomp_06_2025/out_julia/SAV_Julia_2000_dt_5.50e-06_Nx_128_periodic_dtout_1050p_,14.989063318,41298.977065,395375_43,50p
06/23/2025 12:24:08,Julia,SAV,128,0.015009369912862116,5.5e-6,NaN,2000,NaN,2000,false,periodic,/project/g_bme-janeslab/SarahG/spinodal_decomp_06_2025/out_julia/SAV_Julia_2000_dt_5.50e-06_Nx_128_periodic_dtout_200050p_,15.494566228,39502.617785,3953,50p
06/23/2025 12:24:08,Julia,NMG,64,0.03001873982572423,5.5e-6,1.0e-5,2000,10000.0,10,true,neumann,/project/g_bme-janeslab/SarahG/spinodal_decomp_06_2025/out_julia/NMG_Julia_2000_dt_5.50e-06_Nx_64_neumann_dtout_1050p_,15.663342534,15818.212552,395375_34,50p
06/23/2025 12:24:08,Julia,NMG,64,0.03001873982572423,5.5e-6,1.0e-5,2000,10000.0,2000,false,neumann,/project/g_bme-janeslab/SarahG/spinodal_decomp_06_2025/out_julia/NMG_Julia_2000_dt_5.50e-06_Nx_64_neumann_dtout_200050p_,16.334874304,15393.607224,395375_38,50p
06/23/2025 12:24:08,Julia,NMG,64,0.03001873982572423,5.5e-6,1.0e-5,2000,10000.0,2000,false,periodic,/project/g_bme-janeslab/SarahG/spinodal_decomp_06_2025/out_julia/NMG_Julia_2000_dt_5.50e-06_Nx_64_periodic_dtout_200050p_,16.587285735,15713.823208,395375_37,50p
06/23/2025 12:24:42,Julia,SAV,128,0.015009369912862116,5.5e-6,NaN,2000,NaN,2000,false,periodic,/project/g_bme-janeslab/SarahG/spinodal_decomp_06_2025/out_julia/SAV_Julia_2000_dt_5.50e-06_Nx_128_periodic_dtout_200025p_,15.342546383,39502.621241,395375_79,25p
06/23/2025 12:24:08,Julia,SAV,256,0.007504684956431058,5.5e-6,NaN,2000,NaN,2000,false,periodic,/project/g_bme-janeslab/SarahG/spinodal_decomp_06_2025/out_julia/SAV_Julia_2000_dt_5.50e-06_Nx_256_periodic_dtout_200050p_,82.938187564,156742.739065,395375_55,50p
06/23/2025 12:24:08,Julia,SAV,128,0.015009369912862116,5.5e-6,NaN,2000,NaN,10,true,neumann,/project/g_bme-janeslab/SarahG/spinodal_decomp_06_2025/out_julia/SAV_Julia_2000_dt_5.50e-06_Nx_128_neumann_dtout_1050p_,83.402128381,159143.571465,395375_44,50p
06/23/2025 12:24:08,Julia,SAV,128,0.015009369912862116,5.5e-6,NaN,2000,NaN,10,true,neumann,/project/g_bme-janeslab/SarahG/spinodal_decomp_06_2025/out_julia/SAV_Julia_2000_dt_5.50e-06_Nx_128_neumann_dtout_1025p_,85.235284674,159144.376393,395375_76,25p
06/23/2025 12:24:08,Julia,SAV,128,0.015009369912862116,5.5e-6,NaN,2000,NaN,2000,false,neumann,/project/g_bme-janeslab/SarahG/spinodal_decomp_06_2025/out_julia/SAV_Julia_2000_dt_5.50e-06_Nx_128_neumann_dtout_200050p_,88.435743133,156955.971017,395375_48,50p
06/23/2025 12:24:08,Julia,SAV,256,0.007504684956431058,5.5e-6,NaN,2000,NaN,10,true,periodic,/project/g_bme-janeslab/SarahG/spinodal_decomp_06_2025/out_julia/SAV_Julia_2000_dt_5.50e-06_Nx_256_periodic_dtout_1050p_,94.054366447,163894.999193,395375_51,50p
06/23/2025 12:24:42,Julia,SAV,256,0.007504684956431058,5.5e-6,NaN,2000,NaN,2000,false,periodic,/project/g_bme-janeslab/SarahG/spinodal_decomp_06_2025/out_julia/SAV_Julia_2000_dt_5.50e-06_Nx_256_periodic_dtout_200025p_,82.474971646,156742.739385,395375_87,25p
06/23/2025 12:24:42,Julia,SAV,128,0.015009369912862116,5.5e-6,NaN,2000,NaN,2000,false,neumann,/project/g_bme-janeslab/SarahG/spinodal_decomp_06_2025/out_julia/SAV_Julia_2000_dt_5.50e-06_Nx_128_neumann_dtout_200025p_,85.296993244,156955.978057,395375_80,25p
06/23/2025 12:24:43,Julia,SAV,256,0.007504684956431058,5.5e-6,NaN,2000,NaN,10,true,periodic,/project/g_bme-janeslab/SarahG/spinodal_decomp_06_2025/out_julia/SAV_Julia_2000_dt_5.50e-06_Nx_256_periodic_dtout_1025p_,98.171367381,163898.264345,395375_83,25p
06/23/2025 12:24:08,Julia,NMG,128,0.015009369912862116,5.5e-6,1.0e-5,2000,10000.0,2000,false,periodic,/project/g_bme-janeslab/SarahG/spinodal_decomp_06_2025/out_julia/NMG_Julia_2000_dt_5.50e-06_Nx_128_periodic_dtout_200025p_,153.373270707,164360.63324,395375_77,25p
06/23/2025 12:24:08,Julia,NMG,128,0.015009369912862116,5.5e-6,1.0e-5,2000,10000.0,10,true,periodic,/project/g_bme-janeslab/SarahG/spinodal_decomp_06_2025/out_julia/NMG_Julia_2000_dt_5.50e-06_Nx_128_periodic_dtout_1025p_,154.331040218,166027.264488,395375_73,25p
06/23/2025 12:24:08,Julia,NMG,128,0.015009369912862116,5.5e-6,1.0e-5,2000,10000.0,10,true,neumann,/project/g_bme-janeslab/SarahG/spinodal_decomp_06_2025/out_julia/NMG_Julia_2000_dt_5.50e-06_Nx_128_neumann_dtout_1025p_,159.037962646,165498.7354,395375_74,25p
06/23/2025 12:24:08,Julia,NMG,128,0.015009369912862116,5.5e-6,1.0e-5,2000,10000.0,2000,false,periodic,/project/g_bme-janeslab/SarahG/spinodal_decomp_06_2025/out_julia/NMG_Julia_2000_dt_5.50e-06_Nx_128_periodic_dtout_200050p_,159.23853389,170190.998232,395375_45,50p
06/23/2025 12:24:08,Julia,NMG,128,0.015009369912862116,5.5e-6,1.0e-5,2000,10000.0,2000,false,neumann,/project/g_bme-janeslab/SarahG/spinodal_decomp_06_2025/out_julia/NMG_Julia_2000_dt_5.50e-06_Nx_128_neumann_dtout_200050p_,159.661244019,170485.409432,395375_46,50p
06/23/2025 12:24:08,Julia,NMG,128,0.015009369912862116,5.5e-6,1.0e-5,2000,10000.0,10,true,neumann,/project/g_bme-janeslab/SarahG/spinodal_decomp_06_2025/out_julia/NMG_Julia_2000_dt_5.50e-06_Nx_128_neumann_dtout_1050p_,160.253334134,172151.21716,395375_42,50p
06/23/2025 12:20:13,Julia,SAV,256,0.007504684956431058,5.5e-6,NaN,2000,NaN,2000,false,neumann,/project/g_bme-janeslab/SarahG/spinodal_decomp_06_2025/out_julia/SAV_Julia_2000_dt_5.50e-06_Nx_256_neumann_dtout_200075p_,420.208441929,626555.705097,395375_24,75p
06/23/2025 12:24:42,Julia,NMG,128,0.015009369912862116,5.5e-6,1.0e-5,2000,10000.0,2000,false,neumann,/project/g_bme-janeslab/SarahG/spinodal_decomp_06_2025/out_julia/NMG_Julia_2000_dt_5.50e-06_Nx_128_neumann_dtout_200025p_,156.592790828,163832.135784,395375_78,25p
06/23/2025 12:22:12,Julia,SAV,512,0.003752342478215529,5.5e-6,NaN,2000,NaN,10,true,periodic,/project/g_bme-janeslab/SarahG/spinodal_decomp_06_2025/out_julia/SAV_Julia_2000_dt_5.50e-06_Nx_512_periodic_dtout_1075p_,424.14383083,654262.177113,395375_27,75p
06/23/2025 12:23:28,Julia,SAV,512,0.003752342478215529,5.5e-6,NaN,2000,NaN,2000,false,periodic,/project/g_bme-janeslab/SarahG/spinodal_decomp_06_2025/out_julia/SAV_Julia_2000_dt_5.50e-06_Nx_512_periodic_dtout_200075p_,388.969830027,625702.788537,395375_31,75p
06/23/2025 12:24:08,Julia,SAV,256,0.007504684956431058,5.5e-6,NaN,2000,NaN,10,true,neumann,/project/g_bme-janeslab/SarahG/spinodal_decomp_06_2025/out_julia/SAV_Julia_2000_dt_5.50e-06_Nx_256_neumann_dtout_1050p_,404.646148723,635273.139785,395375_52,50p
06/23/2025 12:24:08,Julia,SAV,256,0.007504684956431058,5.5e-6,NaN,2000,NaN,2000,false,neumann,/project/g_bme-janeslab/SarahG/spinodal_decomp_06_2025/out_julia/SAV_Julia_2000_dt_5.50e-06_Nx_256_neumann_dtout_200050p_,409.414697606,626555.817417,395375_56,50p
06/23/2025 12:24:07,Julia,SAV,512,0.003752342478215529,5.5e-6,NaN,2000,NaN,2000,false,periodic,/project/g_bme-janeslab/SarahG/spinodal_decomp_06_2025/out_julia/SAV_Julia_2000_dt_5.50e-06_Nx_512_periodic_dtout_200050p_,412.574346476,625703.249465,395375_63,50p
06/23/2025 12:24:43,Julia,SAV,512,0.003752342478215529,5.5e-6,NaN,2000,NaN,2000,false,periodic,/project/g_bme-janeslab/SarahG/spinodal_decomp_06_2025/out_julia/SAV_Julia_2000_dt_5.50e-06_Nx_512_periodic_dtout_200025p_,393.11844333,625703.193913,395375_95,25p
06/23/2025 12:24:09,Julia,SAV,512,0.003752342478215529,5.5e-6,NaN,2000,NaN,10,true,periodic,/project/g_bme-janeslab/SarahG/spinodal_decomp_06_2025/out_julia/SAV_Julia_2000_dt_5.50e-06_Nx_512_periodic_dtout_1050p_,428.104496833,654279.437065,395375_59,50p
06/23/2025 12:24:43,Julia,SAV,512,0.003752342478215529,5.5e-6,NaN,2000,NaN,10,true,periodic,/project/g_bme-janeslab/SarahG/spinodal_decomp_06_2025/out_julia/SAV_Julia_2000_dt_5.50e-06_Nx_512_periodic_dtout_1025p_,425.928575538,654292.753497,395375_91,25p
06/23/2025 12:24:43,Julia,SAV,256,0.007504684956431058,5.5e-6,NaN,2000,NaN,10,true,neumann,/project/g_bme-janeslab/SarahG/spinodal_decomp_06_2025/out_julia/SAV_Julia_2000_dt_5.50e-06_Nx_256_neumann_dtout_1025p_,428.147775159,635276.401161,395375_84,25p
06/23/2025 12:20:13,Julia,NMG,256,0.007504684956431058,5.5e-6,1.0e-5,2000,10000.0,2000,false,neumann,/project/g_bme-janeslab/SarahG/spinodal_decomp_06_2025/out_julia/NMG_Julia_2000_dt_5.50e-06_Nx_256_neumann_dtout_200075p_,1459.925304818,1.499036182024e6,395375_22,75p
06/23/2025 12:20:13,Julia,NMG,256,0.007504684956431058,5.5e-6,1.0e-5,2000,10000.0,2000,false,periodic,/project/g_bme-janeslab/SarahG/spinodal_decomp_06_2025/out_julia/NMG_Julia_2000_dt_5.50e-06_Nx_256_periodic_dtout_200075p_,1482.433511614,1.527386273736e6,395375_21,75p
06/23/2025 12:24:08,Julia,NMG,256,0.007504684956431058,5.5e-6,1.0e-5,2000,10000.0,2000,false,neumann,/project/g_bme-janeslab/SarahG/spinodal_decomp_06_2025/out_julia/NMG_Julia_2000_dt_5.50e-06_Nx_256_neumann_dtout_200050p_,1424.033917528,1.469069500072e6,395375_54,50p
06/23/2025 12:24:08,Julia,NMG,256,0.007504684956431058,5.5e-6,1.0e-5,2000,10000.0,2000,false,periodic,/project/g_bme-janeslab/SarahG/spinodal_decomp_06_2025/out_julia/NMG_Julia_2000_dt_5.50e-06_Nx_256_periodic_dtout_200050p_,1429.559735928,1.474314159e6,395375_53,50p
06/23/2025 12:24:08,Julia,NMG,256,0.007504684956431058,5.5e-6,1.0e-5,2000,10000.0,10,true,neumann,/project/g_bme-janeslab/SarahG/spinodal_decomp_06_2025/out_julia/NMG_Julia_2000_dt_5.50e-06_Nx_256_neumann_dtout_1050p_,1434.451922994,1.475700020184e6,395375_50,50p
06/23/2025 12:24:08,Julia,NMG,256,0.007504684956431058,5.5e-6,1.0e-5,2000,10000.0,10,true,periodic,/project/g_bme-janeslab/SarahG/spinodal_decomp_06_2025/out_julia/NMG_Julia_2000_dt_5.50e-06_Nx_256_periodic_dtout_1050p_,1441.597159329,1.480944616616e6,395375_49,50p
06/23/2025 12:24:42,Julia,NMG,256,0.007504684956431058,5.5e-6,1.0e-5,2000,10000.0,10,true,periodic,/project/g_bme-janeslab/SarahG/spinodal_decomp_06_2025/out_julia/NMG_Julia_2000_dt_5.50e-06_Nx_256_periodic_dtout_1025p_,1481.665748128,1.524329485288e6,395375_81,25p
06/23/2025 12:24:42,Julia,NMG,256,0.007504684956431058,5.5e-6,1.0e-5,2000,10000.0,10,true,neumann,/project/g_bme-janeslab/SarahG/spinodal_decomp_06_2025/out_julia/NMG_Julia_2000_dt_5.50e-06_Nx_256_neumann_dtout_1025p_,1486.95692355,1.530209361368e6,395375_82,25p
06/23/2025 12:24:42,Julia,NMG,256,0.007504684956431058,5.5e-6,1.0e-5,2000,10000.0,2000,false,neumann,/project/g_bme-janeslab/SarahG/spinodal_decomp_06_2025/out_julia/NMG_Julia_2000_dt_5.50e-06_Nx_256_neumann_dtout_200025p_,1491.699566028,1.523575567656e6,395375_86,25p
06/23/2025 12:24:43,Julia,NMG,256,0.007504684956431058,5.5e-6,1.0e-5,2000,10000.0,2000,false,periodic,/project/g_bme-janeslab/SarahG/spinodal_decomp_06_2025/out_julia/NMG_Julia_2000_dt_5.50e-06_Nx_256_periodic_dtout_200025p_,1499.927059928,1.517695761368e6,395375_85,25p
06/23/2025 12:19:21,Julia,NMG,256,0.007504684956431058,5.5e-6,1.0e-5,2000,10000.0,10,true,neumann,/project/g_bme-janeslab/SarahG/spinodal_decomp_06_2025/out_julia/NMG_Julia_2000_dt_5.50e-06_Nx_256_neumann_dtout_1075p_,2764.551331058,1.505661452728e6,395375_18,75p
06/23/2025 12:18:47,Julia,NMG,256,0.007504684956431058,5.5e-6,1.0e-5,2000,10000.0,10,true,periodic,/project/g_bme-janeslab/SarahG/spinodal_decomp_06_2025/out_julia/NMG_Julia_2000_dt_5.50e-06_Nx_256_periodic_dtout_1075p_,2802.581910703,1.534011760024e6,395375_17,75p
06/23/2025 12:24:09,Julia,NMG,512,0.003752342478215529,5.5e-6,1.0e-5,2000,10000.0,10,true,periodic,/project/g_bme-janeslab/SarahG/spinodal_decomp_06_2025/out_julia/NMG_Julia_2000_dt_5.50e-06_Nx_512_periodic_dtout_1050p_,8608.491722613,8.245219018216e6,395375_57,50p
06/23/2025 12:24:09,Julia,NMG,512,0.003752342478215529,5.5e-6,1.0e-5,2000,10000.0,2000,false,periodic,/project/g_bme-janeslab/SarahG/spinodal_decomp_06_2025/out_julia/NMG_Julia_2000_dt_5.50e-06_Nx_512_periodic_dtout_200050p_,8743.948931509,8.218729673368e6,395375_61,50p
06/23/2025 12:24:09,Julia,NMG,512,0.003752342478215529,5.5e-6,1.0e-5,2000,10000.0,10,true,neumann,/project/g_bme-janeslab/SarahG/spinodal_decomp_06_2025/out_julia/NMG_Julia_2000_dt_5.50e-06_Nx_512_neumann_dtout_1050p_,8891.967655849,8.377868001048e6,395375_58,50p
06/23/2025 12:24:07,Julia,NMG,512,0.003752342478215529,5.5e-6,1.0e-5,2000,10000.0,2000,false,neumann,/project/g_bme-janeslab/SarahG/spinodal_decomp_06_2025/out_julia/NMG_Julia_2000_dt_5.50e-06_Nx_512_neumann_dtout_200050p_,9068.854240499,8.3513786682e6,395375_62,50p
06/23/2025 12:24:43,Julia,NMG,512,0.003752342478215529,5.5e-6,1.0e-5,2000,10000.0,10,true,periodic,/project/g_bme-janeslab/SarahG/spinodal_decomp_06_2025/out_julia/NMG_Julia_2000_dt_5.50e-06_Nx_512_periodic_dtout_1025p_,9551.233977819,8.928707583864e6,395375_89,25p
06/23/2025 12:24:43,Julia,NMG,512,0.003752342478215529,5.5e-6,1.0e-5,2000,10000.0,10,true,neumann,/project/g_bme-janeslab/SarahG/spinodal_decomp_06_2025/out_julia/NMG_Julia_2000_dt_5.50e-06_Nx_512_neumann_dtout_1025p_,9814.721141394,8.889516685608e6,395375_90,25p
06/23/2025 12:24:43,Julia,NMG,512,0.003752342478215529,5.5e-6,1.0e-5,2000,10000.0,2000,false,periodic,/project/g_bme-janeslab/SarahG/spinodal_decomp_06_2025/out_julia/NMG_Julia_2000_dt_5.50e-06_Nx_512_periodic_dtout_200025p_,10007.823133698,8.902204837224e6,395375_93,25p
06/23/2025 12:24:43,Julia,NMG,512,0.003752342478215529,5.5e-6,1.0e-5,2000,10000.0,2000,false,neumann,/project/g_bme-janeslab/SarahG/spinodal_decomp_06_2025/out_julia/NMG_Julia_2000_dt_5.50e-06_Nx_512_neumann_dtout_200025p_,10045.689966189,8.86301394988e6,395375_94,25p
06/23/2025 15:36:08,Julia,NMG,64,0.03001873982572423,5.5e-6,1.0e-5,2000,10000.0,10,true,periodic,/project/g_bme-janeslab/SarahG/spinodal_decomp_06_2025/out_julia/NMG_Julia_2000_dt_5.50e-06_Nx_64_periodic_dtout_1075p_,24.276927376,14737.237976,403752_1,75p
06/23/2025 15:36:28,Julia,SAV,64,0.03001873982572423,5.5e-6,NaN,2000,NaN,10,true,periodic,/project/g_bme-janeslab/SarahG/spinodal_decomp_06_2025/out_julia/SAV_Julia_2000_dt_5.50e-06_Nx_64_periodic_dtout_1075p_,6.235497014,10649.142105,403752_3,75p
06/23/2025 15:37:24,Julia,NMG,64,0.03001873982572423,5.5e-6,1.0e-5,2000,10000.0,2000,false,periodic,/project/g_bme-janeslab/SarahG/spinodal_decomp_06_2025/out_julia/NMG_Julia_2000_dt_5.50e-06_Nx_64_periodic_dtout_200075p_,23.908420574,14313.406824,403752_5,75p
06/23/2025 15:38:03,Julia,SAV,64,0.03001873982572423,5.5e-6,NaN,2000,NaN,2000,false,periodic,/project/g_bme-janeslab/SarahG/spinodal_decomp_06_2025/out_julia/SAV_Julia_2000_dt_5.50e-06_Nx_64_periodic_dtout_200075p_,8.648937618,10192.581785,403752_7,75p
06/23/2025 15:39:26,Julia,SAV,128,0.015009369912862116,5.5e-6,NaN,2000,NaN,10,true,periodic,/project/g_bme-janeslab/SarahG/spinodal_decomp_06_2025/out_julia/SAV_Julia_2000_dt_5.50e-06_Nx_128_periodic_dtout_1075p_,23.61984093,41296.824729,403752_11,75p
06/23/2025 15:41:05,Julia,SAV,128,0.015009369912862116,5.5e-6,NaN,2000,NaN,2000,false,periodic,/project/g_bme-janeslab/SarahG/spinodal_decomp_06_2025/out_julia/SAV_Julia_2000_dt_5.50e-06_Nx_128_periodic_dtout_200075p_,21.617433602,39502.595449,403752_15,75p
06/23/2025 15:41:05,Julia,SAV,256,0.007504684956431058,5.5e-6,NaN,2000,NaN,2000,false,periodic,/project/g_bme-janeslab/SarahG/spinodal_decomp_06_2025/out_julia/SAV_Julia_2000_dt_5.50e-06_Nx_256_periodic_dtout_200075p_,88.63731775,156742.637881,403752_23,75p
06/23/2025 15:41:05,Julia,SAV,256,0.007504684956431058,5.5e-6,NaN,2000,NaN,10,true,periodic,/project/g_bme-janeslab/SarahG/spinodal_decomp_06_2025/out_julia/SAV_Julia_2000_dt_5.50e-06_Nx_256_periodic_dtout_1075p_,93.580988233,163889.721641,403752_19,75p
06/23/2025 15:38:46,Julia,NMG,128,0.015009369912862116,5.5e-6,1.0e-5,2000,10000.0,10,true,periodic,/project/g_bme-janeslab/SarahG/spinodal_decomp_06_2025/out_julia/NMG_Julia_2000_dt_5.50e-06_Nx_128_periodic_dtout_1075p_,271.997700333,165553.712152,403752_9,75p
06/23/2025 15:39:25,Julia,NMG,128,0.015009369912862116,5.5e-6,1.0e-5,2000,10000.0,2000,false,periodic,/project/g_bme-janeslab/SarahG/spinodal_decomp_06_2025/out_julia/NMG_Julia_2000_dt_5.50e-06_Nx_128_periodic_dtout_200075p_,263.902168929,163890.027336,403752_13,75p
06/23/2025 15:43:30,Julia,NMG,64,0.03001873982572423,5.5e-6,1.0e-5,2000,10000.0,10,true,periodic,/project/g_bme-janeslab/SarahG/spinodal_decomp_06_2025/out_julia/NMG_Julia_2000_dt_5.50e-06_Nx_64_periodic_dtout_1050p_,29.826196807,16142.09196,403752_33,50p
06/23/2025 15:44:04,Julia,SAV,64,0.03001873982572423,5.5e-6,NaN,2000,NaN,10,true,periodic,/project/g_bme-janeslab/SarahG/spinodal_decomp_06_2025/out_julia/SAV_Julia_2000_dt_5.50e-06_Nx_64_periodic_dtout_1050p_,6.663791222,10649.925209,403752_35,50p
06/23/2025 15:44:04,Julia,SAV,64,0.03001873982572423,5.5e-6,NaN,2000,NaN,2000,false,periodic,/project/g_bme-janeslab/SarahG/spinodal_decomp_06_2025/out_julia/SAV_Julia_2000_dt_5.50e-06_Nx_64_periodic_dtout_200050p_,8.436268755,10192.585497,403752_39,50p
06/23/2025 15:44:05,Julia,NMG,64,0.03001873982572423,5.5e-6,1.0e-5,2000,10000.0,2000,false,periodic,/project/g_bme-janeslab/SarahG/spinodal_decomp_06_2025/out_julia/NMG_Julia_2000_dt_5.50e-06_Nx_64_periodic_dtout_200050p_,16.414331864,15717.483208,403752_37,50p
06/23/2025 15:45:41,Julia,SAV,128,0.015009369912862116,5.5e-6,NaN,2000,NaN,10,true,periodic,/project/g_bme-janeslab/SarahG/spinodal_decomp_06_2025/out_julia/SAV_Julia_2000_dt_5.50e-06_Nx_128_periodic_dtout_1050p_,21.896717744,41298.972713,403752_43,50p
06/23/2025 15:46:59,Julia,SAV,128,0.015009369912862116,5.5e-6,NaN,2000,NaN,2000,false,periodic,/project/g_bme-janeslab/SarahG/spinodal_decomp_06_2025/out_julia/SAV_Julia_2000_dt_5.50e-06_Nx_128_periodic_dtout_200050p_,23.119640772,39502.614457,403752_47,50p
06/23/2025 15:41:16,Julia,SAV,512,0.003752342478215529,5.5e-6,NaN,2000,NaN,10,true,periodic,/project/g_bme-janeslab/SarahG/spinodal_decomp_06_2025/out_julia/SAV_Julia_2000_dt_5.50e-06_Nx_512_periodic_dtout_1075p_,390.892186856,654262.324969,403752_27,75p
06/23/2025 15:41:56,Julia,SAV,512,0.003752342478215529,5.5e-6,NaN,2000,NaN,2000,false,periodic,/project/g_bme-janeslab/SarahG/spinodal_decomp_06_2025/out_julia/SAV_Julia_2000_dt_5.50e-06_Nx_512_periodic_dtout_200075p_,379.172586472,625702.791225,403752_31,75p
06/23/2025 15:47:53,Julia,SAV,256,0.007504684956431058,5.5e-6,NaN,2000,NaN,10,true,periodic,/project/g_bme-janeslab/SarahG/spinodal_decomp_06_2025/out_julia/SAV_Julia_2000_dt_5.50e-06_Nx_256_periodic_dtout_1050p_,98.681383112,163895.055321,403752_51,50p
06/23/2025 15:45:31,Julia,NMG,128,0.015009369912862116,5.5e-6,1.0e-5,2000,10000.0,10,true,periodic,/project/g_bme-janeslab/SarahG/spinodal_decomp_06_2025/out_julia/NMG_Julia_2000_dt_5.50e-06_Nx_128_periodic_dtout_1050p_,288.804560847,171806.1182,403752_41,50p
06/23/2025 15:46:12,Julia,NMG,128,0.015009369912862116,5.5e-6,1.0e-5,2000,10000.0,2000,false,periodic,/project/g_bme-janeslab/SarahG/spinodal_decomp_06_2025/out_julia/NMG_Julia_2000_dt_5.50e-06_Nx_128_periodic_dtout_200050p_,262.959364014,170140.317096,403752_45,50p
06/23/2025 15:49:58,Julia,SAV,256,0.007504684956431058,5.5e-6,NaN,2000,NaN,2000,false,periodic,/project/g_bme-janeslab/SarahG/spinodal_decomp_06_2025/out_julia/SAV_Julia_2000_dt_5.50e-06_Nx_256_periodic_dtout_200050p_,106.996732117,156742.750457,403752_55,50p
06/23/2025 15:52:20,Julia,NMG,64,0.03001873982572423,5.5e-6,1.0e-5,2000,10000.0,10,true,periodic,/project/g_bme-janeslab/SarahG/spinodal_decomp_06_2025/out_julia/NMG_Julia_2000_dt_5.50e-06_Nx_64_periodic_dtout_1025p_,27.344955621,14778.915656,403752_65,25p
06/23/2025 15:53:35,Julia,SAV,64,0.03001873982572423,5.5e-6,NaN,2000,NaN,10,true,periodic,/project/g_bme-janeslab/SarahG/spinodal_decomp_06_2025/out_julia/SAV_Julia_2000_dt_5.50e-06_Nx_64_periodic_dtout_1025p_,8.645646138,10649.956569,403752_67,25p
06/23/2025 15:53:35,Julia,NMG,64,0.03001873982572423,5.5e-6,1.0e-5,2000,10000.0,2000,false,periodic,/project/g_bme-janeslab/SarahG/spinodal_decomp_06_2025/out_julia/NMG_Julia_2000_dt_5.50e-06_Nx_64_periodic_dtout_200025p_,23.019438957,14354.278104,403752_69,25p
06/23/2025 15:54:58,Julia,SAV,64,0.03001873982572423,5.5e-6,NaN,2000,NaN,2000,false,periodic,/project/g_bme-janeslab/SarahG/spinodal_decomp_06_2025/out_julia/SAV_Julia_2000_dt_5.50e-06_Nx_64_periodic_dtout_200025p_,9.790583364,10192.587225,403752_71,25p
06/23/2025 15:55:18,Julia,SAV,128,0.015009369912862116,5.5e-6,NaN,2000,NaN,10,true,periodic,/project/g_bme-janeslab/SarahG/spinodal_decomp_06_2025/out_julia/SAV_Julia_2000_dt_5.50e-06_Nx_128_periodic_dtout_1025p_,21.758077997,41299.820969,403752_75,25p
06/23/2025 15:55:30,Julia,SAV,128,0.015009369912862116,5.5e-6,NaN,2000,NaN,2000,false,periodic,/project/g_bme-janeslab/SarahG/spinodal_decomp_06_2025/out_julia/SAV_Julia_2000_dt_5.50e-06_Nx_128_periodic_dtout_200025p_,23.637766153,39502.622201,403752_79,25p
06/23/2025 15:57:14,Julia,SAV,256,0.007504684956431058,5.5e-6,NaN,2000,NaN,10,true,periodic,/project/g_bme-janeslab/SarahG/spinodal_decomp_06_2025/out_julia/SAV_Julia_2000_dt_5.50e-06_Nx_256_periodic_dtout_1025p_,115.70201553,163898.333657,403752_83,25p
06/23/2025 15:55:05,Julia,NMG,128,0.015009369912862116,5.5e-6,1.0e-5,2000,10000.0,10,true,periodic,/project/g_bme-janeslab/SarahG/spinodal_decomp_06_2025/out_julia/NMG_Julia_2000_dt_5.50e-06_Nx_128_periodic_dtout_1025p_,259.641737234,166461.670184,403752_73,25p
06/23/2025 15:51:17,Julia,SAV,512,0.003752342478215529,5.5e-6,NaN,2000,NaN,10,true,periodic,/project/g_bme-janeslab/SarahG/spinodal_decomp_06_2025/out_julia/SAV_Julia_2000_dt_5.50e-06_Nx_512_periodic_dtout_1050p_,512.031977118,654279.319449,403752_59,50p
06/23/2025 15:55:19,Julia,NMG,128,0.015009369912862116,5.5e-6,1.0e-5,2000,10000.0,2000,false,periodic,/project/g_bme-janeslab/SarahG/spinodal_decomp_06_2025/out_julia/NMG_Julia_2000_dt_5.50e-06_Nx_128_periodic_dtout_200025p_,286.061475781,164795.01564,403752_77,25p
06/23/2025 15:52:20,Julia,SAV,512,0.003752342478215529,5.5e-6,NaN,2000,NaN,2000,false,periodic,/project/g_bme-janeslab/SarahG/spinodal_decomp_06_2025/out_julia/SAV_Julia_2000_dt_5.50e-06_Nx_512_periodic_dtout_200050p_,555.341873817,625703.207737,403752_63,50p
06/23/2025 15:58:26,Julia,SAV,512,0.003752342478215529,5.5e-6,NaN,2000,NaN,10,true,periodic,/project/g_bme-janeslab/SarahG/spinodal_decomp_06_2025/out_julia/SAV_Julia_2000_dt_5.50e-06_Nx_512_periodic_dtout_1025p_,430.113180515,654292.735385,403752_91,25p
06/23/2025 16:00:07,Julia,SAV,512,0.003752342478215529,5.5e-6,NaN,2000,NaN,2000,false,periodic,/project/g_bme-janeslab/SarahG/spinodal_decomp_06_2025/out_julia/SAV_Julia_2000_dt_5.50e-06_Nx_512_periodic_dtout_200025p_,414.352661384,625703.192569,403752_95,25p
06/23/2025 15:41:05,Julia,NMG,256,0.007504684956431058,5.5e-6,1.0e-5,2000,10000.0,10,true,periodic,/project/g_bme-janeslab/SarahG/spinodal_decomp_06_2025/out_julia/NMG_Julia_2000_dt_5.50e-06_Nx_256_periodic_dtout_1075p_,2743.924513899,1.524195825112e6,403752_17,75p
06/23/2025 15:41:05,Julia,NMG,256,0.007504684956431058,5.5e-6,1.0e-5,2000,10000.0,2000,false,periodic,/project/g_bme-janeslab/SarahG/spinodal_decomp_06_2025/out_julia/NMG_Julia_2000_dt_5.50e-06_Nx_256_periodic_dtout_200075p_,2788.58959082,1.517570557704e6,403752_21,75p
06/23/2025 15:47:53,Julia,NMG,256,0.007504684956431058,5.5e-6,1.0e-5,2000,10000.0,10,true,periodic,/project/g_bme-janeslab/SarahG/spinodal_decomp_06_2025/out_julia/NMG_Julia_2000_dt_5.50e-06_Nx_256_periodic_dtout_1050p_,2673.62965139,1.482984805416e6,403752_49,50p
06/23/2025 15:48:35,Julia,NMG,256,0.007504684956431058,5.5e-6,1.0e-5,2000,10000.0,2000,false,periodic,/project/g_bme-janeslab/SarahG/spinodal_decomp_06_2025/out_julia/NMG_Julia_2000_dt_5.50e-06_Nx_256_periodic_dtout_200050p_,2893.831212445,1.47635429852e6,403752_53,50p
06/23/2025 15:56:10,Julia,NMG,256,0.007504684956431058,5.5e-6,1.0e-5,2000,10000.0,10,true,periodic,/project/g_bme-janeslab/SarahG/spinodal_decomp_06_2025/out_julia/NMG_Julia_2000_dt_5.50e-06_Nx_256_periodic_dtout_1025p_,3061.641759739,1.537994563688e6,403752_81,25p
06/23/2025 15:57:12,Julia,NMG,256,0.007504684956431058,5.5e-6,1.0e-5,2000,10000.0,2000,false,periodic,/project/g_bme-janeslab/SarahG/spinodal_decomp_06_2025/out_julia/NMG_Julia_2000_dt_5.50e-06_Nx_256_periodic_dtout_200025p_,3063.776784655,1.531360775576e6,403752_85,25p
06/23/2025 15:59:09,Julia,NMG,512,0.003752342478215529,5.5e-6,1.0e-5,2000,10000.0,2000,false,periodic,/project/g_bme-janeslab/SarahG/spinodal_decomp_06_2025/out_julia/NMG_Julia_2000_dt_5.50e-06_Nx_512_periodic_dtout_200025p_,9661.684848628,8.891666757064e6,403752_93,25p
06/23/2025 12:22:08,Julia,NMG,512,0.003752342478215529,5.5e-6,1.0e-5,2000,10000.0,2000,false,periodic,/project/g_bme-janeslab/SarahG/spinodal_decomp_06_2025/out_julia/NMG_Julia_2000_dt_5.50e-06_Nx_512_periodic_dtout_200075p_,25414.977763122,8.891435593064e6,395375_29,75p
06/23/2025 12:20:59,Julia,NMG,512,0.003752342478215529,5.5e-6,1.0e-5,2000,10000.0,10,true,neumann,/project/g_bme-janeslab/SarahG/spinodal_decomp_06_2025/out_julia/NMG_Julia_2000_dt_5.50e-06_Nx_512_neumann_dtout_1075p_,26909.166327809,8.928753997144e6,395375_26,75p
06/23/2025 12:20:59,Julia,NMG,512,0.003752342478215529,5.5e-6,1.0e-5,2000,10000.0,10,true,periodic,/project/g_bme-janeslab/SarahG/spinodal_decomp_06_2025/out_julia/NMG_Julia_2000_dt_5.50e-06_Nx_512_periodic_dtout_1075p_,28561.415364511,8.917908096504e6,395375_25,75p
06/23/2025 15:51:16,Julia,NMG,512,0.003752342478215529,5.5e-6,1.0e-5,2000,10000.0,2000,false,periodic,/project/g_bme-janeslab/SarahG/spinodal_decomp_06_2025/out_julia/NMG_Julia_2000_dt_5.50e-06_Nx_512_periodic_dtout_200050p_,23846.562542521,8.243190283416e6,403752_61,50p
06/23/2025 15:41:16,Julia,NMG,512,0.003752342478215529,5.5e-6,1.0e-5,2000,10000.0,2000,false,periodic,/project/g_bme-janeslab/SarahG/spinodal_decomp_06_2025/out_julia/NMG_Julia_2000_dt_5.50e-06_Nx_512_periodic_dtout_200075p_,24862.766429935,8.92489592052e6,403752_29,75p
06/23/2025 15:50:38,Julia,NMG,512,0.003752342478215529,5.5e-6,1.0e-5,2000,10000.0,10,true,periodic,/project/g_bme-janeslab/SarahG/spinodal_decomp_06_2025/out_julia/NMG_Julia_2000_dt_5.50e-06_Nx_512_periodic_dtout_1050p_,26152.106960252,8.269679632296e6,403752_57,50p
06/23/2025 15:57:48,Julia,NMG,512,0.003752342478215529,5.5e-6,1.0e-5,2000,10000.0,10,true,periodic,/project/g_bme-janeslab/SarahG/spinodal_decomp_06_2025/out_julia/NMG_Julia_2000_dt_5.50e-06_Nx_512_periodic_dtout_1025p_,28091.668559185,8.918169470744e6,403752_89,25p
06/24/2025 11:15:22,Julia,NMG,512,0.003752342478215529,5.5e-6,1.0e-5,2000,10000.0,10,true,periodic,/project/g_bme-janeslab/SarahG/spinodal_decomp_06_2025/out_julia/NMG_Julia_2000_dt_5.50e-06_Nx_512_periodic_dtout_1050p_,9043.576772383,8.269679632296e6,448858_2,50p
06/24/2025 11:15:22,Julia,NMG,512,0.003752342478215529,5.5e-6,1.0e-5,2000,10000.0,10,true,periodic,/project/g_bme-janeslab/SarahG/spinodal_decomp_06_2025/out_julia/NMG_Julia_2000_dt_5.50e-06_Nx_512_periodic_dtout_1025p_,9497.244162918,8.918169470744e6,448858_3,25p
06/24/2025 11:15:22,Julia,NMG,512,0.003752342478215529,5.5e-6,1.0e-5,2000,10000.0,10,true,periodic,/project/g_bme-janeslab/SarahG/spinodal_decomp_06_2025/out_julia/NMG_Julia_2000_dt_5.50e-06_Nx_512_periodic_dtout_1075p_,9909.960558362,8.9513685766e6,448858_1,75p
06/24/2025 17:24:24,Julia,SAV,512,0.003752342478215529,5.5e-6,NaN,2000,NaN,2000,false,neumann,/project/g_bme-janeslab/SarahG/spinodal_decomp_06_2025/out_julia/SAV_Julia_2000_dt_5.50e-06_Nx_512_neumann_dtout_200025p_,1518.363409367,2.504955036937e6,460784_4,25p
06/24/2025 17:29:07,Julia,SAV,512,0.003752342478215529,5.5e-6,NaN,2000,NaN,2000,false,neumann,/project/g_bme-janeslab/SarahG/spinodal_decomp_06_2025/out_julia/SAV_Julia_2000_dt_5.50e-06_Nx_512_neumann_dtout_200075p_,1523.935151038,2.504954636041e6,460784_6,75p
06/24/2025 17:29:07,Julia,SAV,512,0.003752342478215529,5.5e-6,NaN,2000,NaN,10,true,neumann,/project/g_bme-janeslab/SarahG/spinodal_decomp_06_2025/out_julia/SAV_Julia_2000_dt_5.50e-06_Nx_512_neumann_dtout_1075p_,1614.528132758,2.539774144537e6,460784_5,75p
06/24/2025 17:50:38,Julia,SAV,512,0.003752342478215529,5.5e-6,NaN,2000,NaN,2000,false,neumann,/project/g_bme-janeslab/SarahG/spinodal_decomp_06_2025/out_julia/SAV_Julia_2000_dt_5.50e-06_Nx_512_neumann_dtout_200050p_,1533.125531141,2.504955051273e6,460784_8,50p
06/24/2025 17:54:34,Julia,SAV,512,0.003752342478215529,5.5e-6,NaN,2000,NaN,10,true,neumann,/project/g_bme-janeslab/SarahG/spinodal_decomp_06_2025/out_julia/SAV_Julia_2000_dt_5.50e-06_Nx_512_neumann_dtout_1025p_,2161.97400312,2.539804618121e6,460784_9,25p
06/24/2025 17:44:35,Julia,SAV,512,0.003752342478215529,5.5e-6,NaN,2000,NaN,10,true,neumann,/project/g_bme-janeslab/SarahG/spinodal_decomp_06_2025/out_julia/SAV_Julia_2000_dt_5.50e-06_Nx_512_neumann_dtout_1050p_,2791.285515975,2.539791118409e6,460784_7,50p
07/01/2025 15:07:00,Julia,NMG,64,0.03001873982572423,5.5e-6,1.0e-5,2000,10000.0,10,true,neumann,/project/g_bme-janeslab/SarahG/spinodal_decomp_06_2025/out_julia/NMG_Julia_2000_dt_5.50e-06_Nx_64_neumann_dtout_1025p_,24.105780899,14739.2782,684313_2,25p
07/01/2025 15:07:00,Julia,NMG,64,0.03001873982572423,5.5e-6,1.0e-5,2000,10000.0,2000,false,neumann,/project/g_bme-janeslab/SarahG/spinodal_decomp_06_2025/out_julia/NMG_Julia_2000_dt_5.50e-06_Nx_64_neumann_dtout_200025p_,25.062285848,14314.632296,684313_1,25p
07/01/2025 15:10:45,Julia,SAV,64,0.03001873982572423,5.5e-6,NaN,2000,NaN,2000,false,neumann,/project/g_bme-janeslab/SarahG/spinodal_decomp_06_2025/out_julia/SAV_Julia_2000_dt_5.50e-06_Nx_64_neumann_dtout_200050p_,16.314670403,39556.005801,684313_4,50p
07/01/2025 15:11:18,Julia,SAV,64,0.03001873982572423,5.5e-6,NaN,2000,NaN,10,true,neumann,/project/g_bme-janeslab/SarahG/spinodal_decomp_06_2025/out_julia/SAV_Julia_2000_dt_5.50e-06_Nx_64_neumann_dtout_1050p_,14.908542848,40111.155209,684313_5,50p
07/01/2025 15:14:47,Julia,SAV,64,0.03001873982572423,5.5e-6,NaN,2000,NaN,2000,false,neumann,/project/g_bme-janeslab/SarahG/spinodal_decomp_06_2025/out_julia/SAV_Julia_2000_dt_5.50e-06_Nx_64_neumann_dtout_200025p_,22.786798734,39556.007593,684313_6,25p
07/01/2025 15:14:46,Julia,SAV,256,0.007504684956431058,5.5e-6,NaN,2000,NaN,2000,false,neumann,/project/g_bme-janeslab/SarahG/spinodal_decomp_06_2025/out_julia/SAV_Julia_2000_dt_5.50e-06_Nx_256_neumann_dtout_200025p_,360.832389937,626555.808393,684313_9,25p
07/01/2025 15:14:47,Julia,SAV,256,0.007504684956431058,5.5e-6,NaN,2000,NaN,10,true,neumann,/project/g_bme-janeslab/SarahG/spinodal_decomp_06_2025/out_julia/SAV_Julia_2000_dt_5.50e-06_Nx_256_neumann_dtout_1075p_,412.160997441,635267.788505,684313_8,75p
07/01/2025 15:10:06,Julia,NMG,512,0.003752342478215529,5.5e-6,1.0e-5,2000,10000.0,2000,false,neumann,/project/g_bme-janeslab/SarahG/spinodal_decomp_06_2025/out_julia/NMG_Julia_2000_dt_5.50e-06_Nx_512_neumann_dtout_200075p_,24957.033795159,8.902281355624e6,684313_3,75p
